"","biome","data_name","data_pars","basic_pars","model_type","rsq","rsq_sd","nearest_mature","age","k0","B0_exp","B0","theta","cwd","mean_prec","mean_si","fallow","indig","lulc_sum_15","lulc_sum_20","lulc_sum_21","lulc_sum_35","lulc_sum_39","lulc_sum_40","lulc_sum_41","lulc_sum_46","lulc_sum_48","lulc_sum_9","mature_forest_years","num_fires_after_regrowth","num_fires_before_regrowth","protec","sur_cover","ts_fire_after_regrowth","ts_fire_before_regrowth","last_LU_9","last_LU_15","last_LU_20","last_LU_21","last_LU_35","last_LU_39","last_LU_41","last_LU_46","last_LU_48","ecoreg_439","ecoreg_440","ecoreg_441","ecoreg_442","ecoreg_443","ecoreg_464","ecoreg_465","ecoreg_466","ecoreg_467","ecoreg_469","ecoreg_473","ecoreg_474","ecoreg_476","ecoreg_480","ecoreg_481","ecoreg_482","ecoreg_484","ecoreg_485","ecoreg_491","ecoreg_492","ecoreg_496","ecoreg_497","ecoreg_500","ecoreg_505","ecoreg_507","ecoreg_508","ecoreg_511","ecoreg_518","ecoreg_525","ecoreg_529","ecoreg_540","ecoreg_566","ecoreg_567","ecoreg_570","ecoreg_574","ecoreg_584","ecoreg_611","ecoreg_616","soil_2","soil_3","soil_5","soil_7","soil_8","soil_9","soil_10","soil_11","soil_12","soil_13","soil_14","soil_15","soil_16","soil_17","soil_18","soil_19","soil_22","soil_23","soil_24","soil_25","soil_26","soil_28","soil_29","soil_31","soil_32","soil_33","prec","si"
"Estimate...1","amaz","5yr","cwd",NA,"lm",0.164048141484433,0.0227449153919983,0.498017592810418,NA,NA,NA,NA,NA,22.4072844279823,NA,NA,NA,NA,NA,NA,NA,NA,NA,NA,NA,NA,NA,NA,NA,NA,NA,NA,NA,NA,NA,NA,NA,NA,NA,NA,NA,NA,NA,NA,NA,NA,NA,NA,NA,NA,NA,NA,NA,NA,NA,NA,NA,NA,NA,NA,NA,NA,NA,NA,NA,NA,NA,NA,NA,NA,NA,NA,NA,NA,NA,NA,NA,NA,NA,NA,NA,NA,NA,NA,NA,NA,NA,NA,NA,NA,NA,NA,NA,NA,NA,NA,NA,NA,NA,NA,NA,NA,NA,NA,NA,NA,NA,NA,NA,NA
"Estimate...2","amaz","10yr","cwd",NA,"lm",0.150864248397019,0.0164560695959595,0.489673230003081,NA,NA,NA,NA,NA,22.5114620159513,NA,NA,NA,NA,NA,NA,NA,NA,NA,NA,NA,NA,NA,NA,NA,NA,NA,NA,NA,NA,NA,NA,NA,NA,NA,NA,NA,NA,NA,NA,NA,NA,NA,NA,NA,NA,NA,NA,NA,NA,NA,NA,NA,NA,NA,NA,NA,NA,NA,NA,NA,NA,NA,NA,NA,NA,NA,NA,NA,NA,NA,NA,NA,NA,NA,NA,NA,NA,NA,NA,NA,NA,NA,NA,NA,NA,NA,NA,NA,NA,NA,NA,NA,NA,NA,NA,NA,NA,NA,NA,NA,NA,NA,NA,NA,NA
"Estimate...3","amaz","15yr","cwd",NA,"lm",0.145859148239438,0.0139526064189273,0.485222172242298,NA,NA,NA,NA,NA,26.3761975068428,NA,NA,NA,NA,NA,NA,NA,NA,NA,NA,NA,NA,NA,NA,NA,NA,NA,NA,NA,NA,NA,NA,NA,NA,NA,NA,NA,NA,NA,NA,NA,NA,NA,NA,NA,NA,NA,NA,NA,NA,NA,NA,NA,NA,NA,NA,NA,NA,NA,NA,NA,NA,NA,NA,NA,NA,NA,NA,NA,NA,NA,NA,NA,NA,NA,NA,NA,NA,NA,NA,NA,NA,NA,NA,NA,NA,NA,NA,NA,NA,NA,NA,NA,NA,NA,NA,NA,NA,NA,NA,NA,NA,NA,NA,NA,NA
"Estimate...4","amaz","all","cwd",NA,"lm",0.149758885386248,0.0230734326146319,0.489939098257667,NA,NA,NA,NA,NA,25.3325299470061,NA,NA,NA,NA,NA,NA,NA,NA,NA,NA,NA,NA,NA,NA,NA,NA,NA,NA,NA,NA,NA,NA,NA,NA,NA,NA,NA,NA,NA,NA,NA,NA,NA,NA,NA,NA,NA,NA,NA,NA,NA,NA,NA,NA,NA,NA,NA,NA,NA,NA,NA,NA,NA,NA,NA,NA,NA,NA,NA,NA,NA,NA,NA,NA,NA,NA,NA,NA,NA,NA,NA,NA,NA,NA,NA,NA,NA,NA,NA,NA,NA,NA,NA,NA,NA,NA,NA,NA,NA,NA,NA,NA,NA,NA,NA,NA
"Estimate...5","amaz","5yr","meanclim",NA,"lm",0.174746578241549,0.0244623178630538,0.500392708482284,NA,NA,NA,NA,NA,67.1248257261284,-62.6403680681835,22.1682533931838,NA,NA,NA,NA,NA,NA,NA,NA,NA,NA,NA,NA,NA,NA,NA,NA,NA,NA,NA,NA,NA,NA,NA,NA,NA,NA,NA,NA,NA,NA,NA,NA,NA,NA,NA,NA,NA,NA,NA,NA,NA,NA,NA,NA,NA,NA,NA,NA,NA,NA,NA,NA,NA,NA,NA,NA,NA,NA,NA,NA,NA,NA,NA,NA,NA,NA,NA,NA,NA,NA,NA,NA,NA,NA,NA,NA,NA,NA,NA,NA,NA,NA,NA,NA,NA,NA,NA,NA,NA,NA,NA,NA,NA,NA
"Estimate...6","amaz","10yr","meanclim",NA,"lm",0.16745638966492,0.0169229092989351,0.480302463760037,NA,NA,NA,NA,NA,84.0631026153148,-80.4032323532264,28.4951598624666,NA,NA,NA,NA,NA,NA,NA,NA,NA,NA,NA,NA,NA,NA,NA,NA,NA,NA,NA,NA,NA,NA,NA,NA,NA,NA,NA,NA,NA,NA,NA,NA,NA,NA,NA,NA,NA,NA,NA,NA,NA,NA,NA,NA,NA,NA,NA,NA,NA,NA,NA,NA,NA,NA,NA,NA,NA,NA,NA,NA,NA,NA,NA,NA,NA,NA,NA,NA,NA,NA,NA,NA,NA,NA,NA,NA,NA,NA,NA,NA,NA,NA,NA,NA,NA,NA,NA,NA,NA,NA,NA,NA,NA,NA
"Estimate...7","amaz","15yr","meanclim",NA,"lm",0.165282826052884,0.0189576575491601,0.478904158673087,NA,NA,NA,NA,NA,81.1159598668626,-90.5018109689115,18.7597849281972,NA,NA,NA,NA,NA,NA,NA,NA,NA,NA,NA,NA,NA,NA,NA,NA,NA,NA,NA,NA,NA,NA,NA,NA,NA,NA,NA,NA,NA,NA,NA,NA,NA,NA,NA,NA,NA,NA,NA,NA,NA,NA,NA,NA,NA,NA,NA,NA,NA,NA,NA,NA,NA,NA,NA,NA,NA,NA,NA,NA,NA,NA,NA,NA,NA,NA,NA,NA,NA,NA,NA,NA,NA,NA,NA,NA,NA,NA,NA,NA,NA,NA,NA,NA,NA,NA,NA,NA,NA,NA,NA,NA,NA,NA
"Estimate...8","amaz","all","meanclim",NA,"lm",0.159308432257984,0.0118772427078985,0.499204347294442,NA,NA,NA,NA,NA,81.9646235992744,-68.499518800339,32.3429966001082,NA,NA,NA,NA,NA,NA,NA,NA,NA,NA,NA,NA,NA,NA,NA,NA,NA,NA,NA,NA,NA,NA,NA,NA,NA,NA,NA,NA,NA,NA,NA,NA,NA,NA,NA,NA,NA,NA,NA,NA,NA,NA,NA,NA,NA,NA,NA,NA,NA,NA,NA,NA,NA,NA,NA,NA,NA,NA,NA,NA,NA,NA,NA,NA,NA,NA,NA,NA,NA,NA,NA,NA,NA,NA,NA,NA,NA,NA,NA,NA,NA,NA,NA,NA,NA,NA,NA,NA,NA,NA,NA,NA,NA,NA
"Estimate...9","amaz","5yr","LU",NA,"lm",0.247451490629529,0.00777357918677852,0.477541060314067,NA,NA,NA,NA,NA,NA,NA,NA,NA,-5.16446886609351,-21.5535828088772,NA,-152.239396635401,-17.6553270752953,NA,NA,-102.94304955273,NA,NA,69.5166008316067,-48.7327800717591,-111.943757996874,-31.1169920567693,0.687278597215248,40.6674496814268,2.23499247463928,8.51999534264774,-133.166029598017,-50.6553377876893,NA,NA,NA,NA,NA,NA,NA,NA,NA,NA,NA,NA,NA,NA,NA,NA,NA,NA,NA,NA,NA,NA,NA,NA,NA,NA,NA,NA,NA,NA,NA,NA,NA,NA,NA,NA,NA,NA,NA,NA,NA,NA,NA,NA,NA,NA,NA,NA,NA,NA,NA,NA,NA,NA,NA,NA,NA,NA,NA,NA,NA,NA,NA,NA,NA,NA,NA,NA,NA,NA,NA,NA,NA
"Estimate...10","amaz","10yr","LU",NA,"lm",0.226893180506764,0.0183457190636499,0.449752664955477,NA,NA,NA,NA,NA,NA,NA,NA,-3.17591729774811,-2.44183032702916,-12.4242317535209,NA,NA,-24.9580470462258,NA,NA,-40.4232681850775,NA,NA,122.099815789152,-58.3020964607388,-105.148611502197,-40.0169924583506,-2.57965494976063,41.1829980572937,-1.05184676077107,11.3353406247195,-113.931063926865,-8.37686870823838,NA,NA,8.03977887619251,NA,NA,NA,NA,NA,NA,NA,NA,NA,NA,NA,NA,NA,NA,NA,NA,NA,NA,NA,NA,NA,NA,NA,NA,NA,NA,NA,NA,NA,NA,NA,NA,NA,NA,NA,NA,NA,NA,NA,NA,NA,NA,NA,NA,NA,NA,NA,NA,NA,NA,NA,NA,NA,NA,NA,NA,NA,NA,NA,NA,NA,NA,NA,NA,NA,NA,NA,NA,NA,NA
"Estimate...11","amaz","15yr","LU",NA,"lm",0.224997531616609,0.0169420306319525,0.449552396767148,NA,NA,NA,NA,NA,NA,NA,NA,-4.14102831120872,-2.78950631909697,-34.7228434808789,NA,NA,77.1483944030733,NA,NA,-74.341429634703,NA,NA,-179.638332850337,-79.7338643815231,-100.452663255546,-55.102504012567,-3.68083235335758,41.5781938438408,-8.49343679476721,11.0715567218976,70.0058904043586,-2.33151237341839,NA,NA,-54.969179314384,NA,NA,NA,NA,NA,NA,NA,NA,NA,NA,NA,NA,NA,NA,NA,NA,NA,NA,NA,NA,NA,NA,NA,NA,NA,NA,NA,NA,NA,NA,NA,NA,NA,NA,NA,NA,NA,NA,NA,NA,NA,NA,NA,NA,NA,NA,NA,NA,NA,NA,NA,NA,NA,NA,NA,NA,NA,NA,NA,NA,NA,NA,NA,NA,NA,NA,NA,NA,NA,NA
"Estimate...12","amaz","all","LU",NA,"lm",0.231174082748654,0.00679119742969986,0.465069146377457,NA,NA,NA,NA,NA,NA,NA,NA,-2.45961766078472,1.45796229195119,-35.3565295965602,NA,NA,-29.6141122894778,-450.776365163587,NA,-125.471484309356,NA,NA,-49.6755985670196,-52.2222008424026,-103.142093575498,-35.1198807374361,-0.334845549491031,40.3498203417701,5.62256776172138,9.3299475685853,-2.17189419680421,12.5277527728593,NA,NA,24.3677540454818,NA,NA,NA,NA,NA,NA,NA,NA,NA,NA,NA,NA,NA,NA,NA,NA,NA,NA,NA,NA,NA,NA,NA,NA,NA,NA,NA,NA,NA,NA,NA,NA,NA,NA,NA,NA,NA,NA,NA,NA,NA,NA,NA,NA,NA,NA,NA,NA,NA,NA,NA,NA,NA,NA,NA,NA,NA,NA,NA,NA,NA,NA,NA,NA,NA,NA,NA,NA,NA,NA
"Estimate...13","amaz","5yr","LU_soil_ecor",NA,"lm",0.277803254527518,0.018062099092105,0.351453254820396,NA,NA,NA,NA,NA,NA,NA,NA,NA,-0.139781428837006,-23.946063242667,NA,-178.401766847116,-1.27700381192642,NA,NA,-73.1304711402813,NA,NA,397.553987656106,-51.4681550901875,-110.673393992318,-32.7479510326047,-1.59331130552742,41.6631290725503,1.99988700806638,5.78204390071845,-376.43818244273,-52.07962831199,NA,NA,-16.7377865899788,NA,NA,NA,NA,NA,NA,NA,NA,NA,28.4823339567447,-15.9965312214844,16.3356752360488,3.08820294248526,90.4791671580649,60.3571813664165,39.0629285803205,38.9515776513253,5.70463324486434,25.5985074376578,44.798330832275,37.2349741715769,16.2553745296397,NA,NA,34.4530159294357,39.0542125317183,NA,74.8817609178114,52.6196809085669,29.0142396290415,18.6613037267477,39.2512506374534,NA,23.1796308445655,41.7196371922392,NA,25.9969981371273,6.46686335769896,NA,22.4188599536152,29.0356817450805,NA,-0.867476964914024,-1.82030442550786,NA,6.56138210151621,13.9299618454124,16.1149845867518,-0.667021729929849,NA,NA,NA,10.3869882562648,NA,-6.93385397867184,NA,NA,22.8010130560886,1.67860968802805,-20.9007031380371,NA,20.5194617946283,NA,46.7997934076633,NA,17.4268652220571,NA,NA,NA,NA
"Estimate...14","amaz","10yr","LU_soil_ecor",NA,"lm",0.260936766246229,0.0225890962805765,0.336386275297405,NA,NA,NA,NA,NA,NA,NA,NA,-2.59391965566974,-0.0187330142062788,-13.491982682647,NA,NA,34.4855558029554,NA,NA,-49.8169212980126,NA,NA,87.0228256974916,-58.3301864280635,-96.5156370484406,-36.13999227774,-3.28625565754092,39.9931207032279,-0.621803291576172,10.1156821636187,-82.0904360263674,-16.7475989179114,NA,NA,-44.4721095901516,NA,NA,NA,NA,NA,NA,NA,NA,NA,154.265940780006,121.085200262503,104.379006557432,95.1688841762898,173.30100840012,147.202425070988,106.748175269376,130.142958670015,84.9772344806771,111.977428757604,127.889675344403,127.663371627251,97.4888975572408,NA,NA,124.096671069446,136.728873448988,NA,173.376817681523,134.796076054515,116.749091706334,98.908793021957,126.051955805762,NA,113.205792895602,125.172804479281,NA,111.554991406346,97.5408783347106,NA,107.706554630415,123.454899239841,NA,-19.8052996288789,-5.01844043431481,NA,1.75206804558295,9.74405538994031,12.584666654767,-7.44711118276564,NA,NA,NA,1.32887513481045,NA,1.20288186505685,NA,NA,19.8392032909336,-12.3505174096049,-29.8550639864155,NA,14.9524055940771,NA,38.8947634885798,NA,11.0088529437219,NA,NA,NA,NA
"Estimate...15","amaz","15yr","LU_soil_ecor",NA,"lm",0.266838119521853,0.0186165924033664,0.34257100485016,NA,NA,NA,NA,NA,NA,NA,NA,-3.91387701108807,-1.02895644258718,-38.8689696971934,NA,NA,-11.4760693270053,NA,NA,-63.9790684393578,NA,NA,-88.9574856981152,-82.5268527727826,-89.0878827519342,-51.7305141946949,-4.11875198444492,42.2311166809723,-9.50046105094069,6.30836733565664,3.26242420713865,-4.60072607034907,NA,NA,-11.6703233002155,NA,NA,NA,NA,NA,NA,NA,NA,NA,16.588556294616,-75.6144646055337,-2.81814169109375,-35.71230143996,67.1304295611901,35.0176827372209,-10.8395092791693,17.1203160280762,-11.1788928197347,-3.24237752981754,5.83336628348372,9.07037874515368,-2.24498009006446,NA,NA,4.47994355414119,11.3445370154191,NA,69.701613234294,18.4405335983297,2.39359569893582,-15.9745967145106,6.94810685934365,NA,-5.24560872753643,11.1727295004135,NA,-5.02197197760787,-18.6204115996104,NA,1.23133326459174,NA,NA,-11.8214110392925,-6.13012313389374,NA,-5.98491830310102,-0.322349392961452,3.24454254232324,-15.3128590577118,NA,NA,NA,-4.47547685134051,NA,-4.50591571959363,NA,NA,13.2078499783966,-25.3168294910217,-36.6630569500282,NA,6.74087042525596,NA,38.8620963799106,NA,3.74931366758217,NA,NA,NA,NA
"Estimate...16","amaz","all","LU_soil_ecor",NA,"lm",0.265415848527349,0.0124317073071529,0.350445664570553,NA,NA,NA,NA,NA,NA,NA,NA,-2.56761945344799,1.32094107473333,-38.2564447100677,NA,NA,-30.4167443604432,-417.73750099955,NA,-126.851116992588,NA,NA,-70.015321494663,-56.2502636324608,-91.2189095940909,-32.2851708286426,2.64596025958064,42.7726151761329,0.277325155824723,5.27066652859953,0.640115906606085,-4.75515760011954,NA,NA,0.474646988107067,NA,NA,NA,NA,NA,NA,NA,NA,NA,101.789228840528,52.9158935941898,79.0681424559152,48.5536188418041,165.905085615094,102.642233434985,115.376680757109,102.95764322579,73.0751433838535,84.1263316760832,95.3900617179742,107.396229836225,73.9906875012982,NA,NA,94.8605296276843,99.030653915511,NA,141.695463075113,97.6924841677069,88.3600824845068,70.6816387481456,91.1996530186671,NA,76.7054960704504,102.00626192791,NA,85.0572499026421,65.9874996138113,NA,108.258341771247,84.6576800997663,NA,-12.9759452061008,-6.75647075877315,NA,-14.5629606708903,-1.51355281723378,-0.0568457233418337,-13.619542669664,NA,NA,NA,-3.84154025393428,NA,-4.64135997701627,NA,NA,-7.89669533083459,-7.53792193155286,-38.4484785786852,NA,0.190549606155138,NA,31.5093469987676,NA,-3.00800193265407,NA,NA,NA,NA
"Estimate...17","amaz","5yr","LU_soil_ecor_meanclim",NA,"lm",0.286151515845124,0.02048646659035,0.363701478583411,NA,NA,NA,NA,NA,55.618528862601,-73.7595215105537,26.2089315754219,NA,-2.9800083995938,-22.450876428075,NA,NA,-9.32999354982279,NA,NA,-80.4480848913007,NA,NA,-76.3258475954396,-53.4630463374989,-109.535844249024,-31.1886203708916,-2.73235249344544,41.2656194363145,-1.59416774363841,7.00493785727285,NA,-53.6623470589684,NA,NA,-7.89551152169536,NA,NA,NA,NA,NA,NA,NA,NA,NA,-15.551147872743,-70.861841919885,13.8410086035474,-17.2428837252493,80.7645537975339,49.5153799049492,42.3908624960295,25.0928895446182,8.82517102692974,12.8252457337309,30.1109095814433,8.58067357733173,15.5283714172604,NA,NA,24.1001478017986,23.2580158668958,NA,53.0070430678689,36.0054144689855,24.889981446849,5.99805771443968,25.0829286248416,NA,0.791848224728039,26.3722211187929,NA,9.43756731599728,8.23788618237923,NA,4.75252787348998,27.1990408213023,NA,1.98834200583538,-12.4882953129755,NA,-1.62171796500412,6.66765272581849,7.70346172508063,-10.061753746906,NA,NA,NA,-0.40243300018973,NA,-9.34678667680861,NA,NA,11.3686394516666,-15.3367984552208,-16.5379185907012,NA,12.7604038673781,NA,23.7876619814416,NA,4.03660873972105,NA,NA,NA,NA
"Estimate...18","amaz","10yr","LU_soil_ecor_meanclim",NA,"lm",0.268957113402257,0.0243627974496408,0.359226254911046,NA,NA,NA,NA,NA,65.9678439058333,-87.6280544678372,37.438622022833,-3.33098468406004,-4.824306570763,-17.4596480320238,NA,NA,26.6841240746163,NA,NA,-126.902021063958,NA,NA,59.8549558256308,-60.3030727324236,-97.1376301149892,-37.4756907768907,-3.03323506542526,40.3203964511466,-1.84455692597283,8.62710692527742,-88.3040936842475,-30.7152083948694,NA,NA,-43.4229190076315,NA,NA,NA,NA,NA,NA,NA,NA,NA,128.939259596201,130.165876814766,106.087353083957,76.5000849970737,151.520853049266,138.181690251939,116.370280181632,120.498866063018,83.3426602270943,104.040611697745,122.696494938659,120.425750435744,104.38942307517,NA,NA,118.833626512333,122.785016802264,NA,153.678330572072,119.428373353078,116.083916335645,92.6577651081538,112.535028389962,NA,92.9978266928996,111.026688719966,NA,99.1776527535287,111.485512287515,NA,92.0217459409759,123.311593779075,NA,-11.1888549523135,-7.99246862227421,NA,-3.4827563984779,4.77110726115477,8.40011268910169,-8.08964528499112,NA,NA,NA,-2.23717765976807,NA,9.50970962476431,NA,NA,9.83749078505919,-24.1463334624895,-19.658788433466,NA,10.607218916476,NA,23.7524571311446,NA,1.58925914461056,NA,NA,NA,NA
"Estimate...19","amaz","15yr","LU_soil_ecor_meanclim",NA,"lm",0.279628194836744,0.0178127543613453,0.344947439896725,NA,NA,NA,NA,NA,81.1990813798041,-105.631132997326,41.9172655142746,-4.03782492497249,-3.16075894664472,-41.892143865163,NA,NA,-44.4152961523748,NA,NA,-53.6938922748432,NA,NA,-279.194469098875,-85.3780578768924,-97.5941886722486,-56.5622478748252,-4.58838902770774,44.0415131845939,-5.54762833170588,5.57944594508862,71.3143801053863,-0.507541416987177,NA,NA,27.2164188659939,NA,NA,NA,NA,NA,NA,NA,NA,NA,22.7845276982858,-21.3753006196056,2.79028860648845,-40.9769217756298,49.5412230517346,26.0894265385538,-30.9858863789429,3.63058682121636,-14.6940897186065,-15.7544486639277,2.8624806636907,-1.12527931309634,2.20883268550499,NA,NA,2.54195870458352,-5.76895771294784,NA,39.9395548144199,5.73279793237919,2.28071049890015,-26.0782130163665,-7.2497324550372,NA,-31.1389194820701,-1.51161266010015,NA,-19.1255490592529,-6.37535891400234,NA,-15.3052478443914,NA,NA,-8.06381711627046,-11.5265977489267,NA,-9.2093501125491,-2.00153055375436,1.53688117642788,-15.6904286528296,NA,NA,NA,-9.42721800460478,NA,-13.8877495290052,NA,NA,2.29215006708063,-33.7881383316272,-23.6975636788339,NA,3.8883482359543,NA,25.1663699319372,NA,-2.83047882055801,NA,NA,NA,NA
"Estimate...20","amaz","all","LU_soil_ecor_meanclim",NA,"lm",0.274938338189043,0.0216441960228552,0.3632500122013,NA,NA,NA,NA,NA,73.4686973628543,-91.4546393426236,32.0082498280684,-2.4039404761954,2.91449362992094,-41.608840355356,NA,NA,-11.9066010799969,-450.575041570618,NA,-94.7653451143561,NA,NA,-108.663394773153,-56.1084458075142,-94.0975112982803,-32.0964485918999,2.86964316212005,42.5050233266383,-1.42998212748066,6.44680491272658,1.8912788158474,11.1000990387918,NA,NA,7.37183581275156,NA,NA,NA,NA,NA,NA,NA,NA,NA,91.9574797923369,99.4423052383436,85.9258854883499,44.3617654895476,148.579950856629,95.3182445181565,98.2540949325835,92.954549076061,64.4933001061361,75.7559228267246,85.2600731535509,101.246573391703,83.432337530609,NA,NA,90.1784950540304,86.4618728849677,NA,125.305140478762,84.6761635223044,89.6239977800778,61.5106477327322,82.3674288195805,NA,60.623148399935,87.2891771578095,NA,75.1603231830932,78.4563492090046,NA,103.192948191152,87.4084386192209,NA,-11.2789450083329,-10.438730658069,NA,-11.0837727044162,0.242132605097337,-0.133076079482464,-9.79441234626591,NA,NA,NA,-7.1092034312669,NA,-2.31967791518445,NA,NA,-17.2833104907939,-19.4482734506256,-19.852749349895,NA,0.359925378895492,NA,33.4814020016105,NA,-5.21946630419541,NA,NA,NA,NA
"Estimate...21","amaz","5yr","age",NA,"lm",0.0422709431936281,0.00870475428046876,NA,42.8812734292918,NA,NA,NA,NA,NA,NA,NA,NA,NA,NA,NA,NA,NA,NA,NA,NA,NA,NA,NA,NA,NA,NA,NA,NA,NA,NA,NA,NA,NA,NA,NA,NA,NA,NA,NA,NA,NA,NA,NA,NA,NA,NA,NA,NA,NA,NA,NA,NA,NA,NA,NA,NA,NA,NA,NA,NA,NA,NA,NA,NA,NA,NA,NA,NA,NA,NA,NA,NA,NA,NA,NA,NA,NA,NA,NA,NA,NA,NA,NA,NA,NA,NA,NA,NA,NA,NA,NA,NA,NA,NA,NA,NA,NA,NA,NA,NA,NA,NA,NA,NA,NA
"Estimate...22","amaz","10yr","age",NA,"lm",0.0343952941243112,0.00438368178549466,NA,40.5532617668698,NA,NA,NA,NA,NA,NA,NA,NA,NA,NA,NA,NA,NA,NA,NA,NA,NA,NA,NA,NA,NA,NA,NA,NA,NA,NA,NA,NA,NA,NA,NA,NA,NA,NA,NA,NA,NA,NA,NA,NA,NA,NA,NA,NA,NA,NA,NA,NA,NA,NA,NA,NA,NA,NA,NA,NA,NA,NA,NA,NA,NA,NA,NA,NA,NA,NA,NA,NA,NA,NA,NA,NA,NA,NA,NA,NA,NA,NA,NA,NA,NA,NA,NA,NA,NA,NA,NA,NA,NA,NA,NA,NA,NA,NA,NA,NA,NA,NA,NA,NA,NA
"Estimate...23","amaz","15yr","age",NA,"lm",0.0354449150267671,0.0137136860780381,NA,38.0863849598361,NA,NA,NA,NA,NA,NA,NA,NA,NA,NA,NA,NA,NA,NA,NA,NA,NA,NA,NA,NA,NA,NA,NA,NA,NA,NA,NA,NA,NA,NA,NA,NA,NA,NA,NA,NA,NA,NA,NA,NA,NA,NA,NA,NA,NA,NA,NA,NA,NA,NA,NA,NA,NA,NA,NA,NA,NA,NA,NA,NA,NA,NA,NA,NA,NA,NA,NA,NA,NA,NA,NA,NA,NA,NA,NA,NA,NA,NA,NA,NA,NA,NA,NA,NA,NA,NA,NA,NA,NA,NA,NA,NA,NA,NA,NA,NA,NA,NA,NA,NA,NA
"Estimate...24","amaz","all","age",NA,"lm",0.055162131612806,0.00538805954941305,NA,56.9558061904423,NA,NA,NA,NA,NA,NA,NA,NA,NA,NA,NA,NA,NA,NA,NA,NA,NA,NA,NA,NA,NA,NA,NA,NA,NA,NA,NA,NA,NA,NA,NA,NA,NA,NA,NA,NA,NA,NA,NA,NA,NA,NA,NA,NA,NA,NA,NA,NA,NA,NA,NA,NA,NA,NA,NA,NA,NA,NA,NA,NA,NA,NA,NA,NA,NA,NA,NA,NA,NA,NA,NA,NA,NA,NA,NA,NA,NA,NA,NA,NA,NA,NA,NA,NA,NA,NA,NA,NA,NA,NA,NA,NA,NA,NA,NA,NA,NA,NA,NA,NA,NA
"Estimate...25","amaz","5yr","mat_biomass",NA,"lm",0.160953498509927,0.00889870806007047,0.533319389344048,NA,NA,NA,NA,NA,NA,NA,NA,NA,NA,NA,NA,NA,NA,NA,NA,NA,NA,NA,NA,NA,NA,NA,NA,NA,NA,NA,NA,NA,NA,NA,NA,NA,NA,NA,NA,NA,NA,NA,NA,NA,NA,NA,NA,NA,NA,NA,NA,NA,NA,NA,NA,NA,NA,NA,NA,NA,NA,NA,NA,NA,NA,NA,NA,NA,NA,NA,NA,NA,NA,NA,NA,NA,NA,NA,NA,NA,NA,NA,NA,NA,NA,NA,NA,NA,NA,NA,NA,NA,NA,NA,NA,NA,NA,NA,NA,NA,NA,NA,NA,NA,NA
"Estimate...26","amaz","10yr","mat_biomass",NA,"lm",0.148148973940285,0.017962462018118,0.519855656957695,NA,NA,NA,NA,NA,NA,NA,NA,NA,NA,NA,NA,NA,NA,NA,NA,NA,NA,NA,NA,NA,NA,NA,NA,NA,NA,NA,NA,NA,NA,NA,NA,NA,NA,NA,NA,NA,NA,NA,NA,NA,NA,NA,NA,NA,NA,NA,NA,NA,NA,NA,NA,NA,NA,NA,NA,NA,NA,NA,NA,NA,NA,NA,NA,NA,NA,NA,NA,NA,NA,NA,NA,NA,NA,NA,NA,NA,NA,NA,NA,NA,NA,NA,NA,NA,NA,NA,NA,NA,NA,NA,NA,NA,NA,NA,NA,NA,NA,NA,NA,NA,NA
"Estimate...27","amaz","15yr","mat_biomass",NA,"lm",0.141841414840707,0.0135064231545572,0.515610362305018,NA,NA,NA,NA,NA,NA,NA,NA,NA,NA,NA,NA,NA,NA,NA,NA,NA,NA,NA,NA,NA,NA,NA,NA,NA,NA,NA,NA,NA,NA,NA,NA,NA,NA,NA,NA,NA,NA,NA,NA,NA,NA,NA,NA,NA,NA,NA,NA,NA,NA,NA,NA,NA,NA,NA,NA,NA,NA,NA,NA,NA,NA,NA,NA,NA,NA,NA,NA,NA,NA,NA,NA,NA,NA,NA,NA,NA,NA,NA,NA,NA,NA,NA,NA,NA,NA,NA,NA,NA,NA,NA,NA,NA,NA,NA,NA,NA,NA,NA,NA,NA,NA
"Estimate...28","amaz","all","mat_biomass",NA,"lm",0.145829652438642,0.0181813750912912,0.52007840013741,NA,NA,NA,NA,NA,NA,NA,NA,NA,NA,NA,NA,NA,NA,NA,NA,NA,NA,NA,NA,NA,NA,NA,NA,NA,NA,NA,NA,NA,NA,NA,NA,NA,NA,NA,NA,NA,NA,NA,NA,NA,NA,NA,NA,NA,NA,NA,NA,NA,NA,NA,NA,NA,NA,NA,NA,NA,NA,NA,NA,NA,NA,NA,NA,NA,NA,NA,NA,NA,NA,NA,NA,NA,NA,NA,NA,NA,NA,NA,NA,NA,NA,NA,NA,NA,NA,NA,NA,NA,NA,NA,NA,NA,NA,NA,NA,NA,NA,NA,NA,NA,NA
"Estimate...29","amaz","5yr","age_mat_biomass",NA,"lm",0.202049223390829,0.00492828936825051,0.54138798880752,44.191525128735,NA,NA,NA,NA,NA,NA,NA,NA,NA,NA,NA,NA,NA,NA,NA,NA,NA,NA,NA,NA,NA,NA,NA,NA,NA,NA,NA,NA,NA,NA,NA,NA,NA,NA,NA,NA,NA,NA,NA,NA,NA,NA,NA,NA,NA,NA,NA,NA,NA,NA,NA,NA,NA,NA,NA,NA,NA,NA,NA,NA,NA,NA,NA,NA,NA,NA,NA,NA,NA,NA,NA,NA,NA,NA,NA,NA,NA,NA,NA,NA,NA,NA,NA,NA,NA,NA,NA,NA,NA,NA,NA,NA,NA,NA,NA,NA,NA,NA,NA,NA,NA
"Estimate...30","amaz","10yr","age_mat_biomass",NA,"lm",0.18888560778662,0.0121169501221687,0.535066999774911,43.6309374079842,NA,NA,NA,NA,NA,NA,NA,NA,NA,NA,NA,NA,NA,NA,NA,NA,NA,NA,NA,NA,NA,NA,NA,NA,NA,NA,NA,NA,NA,NA,NA,NA,NA,NA,NA,NA,NA,NA,NA,NA,NA,NA,NA,NA,NA,NA,NA,NA,NA,NA,NA,NA,NA,NA,NA,NA,NA,NA,NA,NA,NA,NA,NA,NA,NA,NA,NA,NA,NA,NA,NA,NA,NA,NA,NA,NA,NA,NA,NA,NA,NA,NA,NA,NA,NA,NA,NA,NA,NA,NA,NA,NA,NA,NA,NA,NA,NA,NA,NA,NA,NA
"Estimate...31","amaz","15yr","age_mat_biomass",NA,"lm",0.186511172342603,0.01157305076985,0.539314156054746,45.888338492387,NA,NA,NA,NA,NA,NA,NA,NA,NA,NA,NA,NA,NA,NA,NA,NA,NA,NA,NA,NA,NA,NA,NA,NA,NA,NA,NA,NA,NA,NA,NA,NA,NA,NA,NA,NA,NA,NA,NA,NA,NA,NA,NA,NA,NA,NA,NA,NA,NA,NA,NA,NA,NA,NA,NA,NA,NA,NA,NA,NA,NA,NA,NA,NA,NA,NA,NA,NA,NA,NA,NA,NA,NA,NA,NA,NA,NA,NA,NA,NA,NA,NA,NA,NA,NA,NA,NA,NA,NA,NA,NA,NA,NA,NA,NA,NA,NA,NA,NA,NA,NA
"Estimate...32","amaz","all","age_mat_biomass",NA,"lm",0.196702600815655,0.0214935963692358,0.51717686247254,54.5829264741032,NA,NA,NA,NA,NA,NA,NA,NA,NA,NA,NA,NA,NA,NA,NA,NA,NA,NA,NA,NA,NA,NA,NA,NA,NA,NA,NA,NA,NA,NA,NA,NA,NA,NA,NA,NA,NA,NA,NA,NA,NA,NA,NA,NA,NA,NA,NA,NA,NA,NA,NA,NA,NA,NA,NA,NA,NA,NA,NA,NA,NA,NA,NA,NA,NA,NA,NA,NA,NA,NA,NA,NA,NA,NA,NA,NA,NA,NA,NA,NA,NA,NA,NA,NA,NA,NA,NA,NA,NA,NA,NA,NA,NA,NA,NA,NA,NA,NA,NA,NA,NA
"Estimate...33","atla","5yr","cwd",NA,"lm",0.168727964020192,0.019485868904209,0.160930412645672,NA,NA,NA,NA,NA,90.4244952562069,NA,NA,NA,NA,NA,NA,NA,NA,NA,NA,NA,NA,NA,NA,NA,NA,NA,NA,NA,NA,NA,NA,NA,NA,NA,NA,NA,NA,NA,NA,NA,NA,NA,NA,NA,NA,NA,NA,NA,NA,NA,NA,NA,NA,NA,NA,NA,NA,NA,NA,NA,NA,NA,NA,NA,NA,NA,NA,NA,NA,NA,NA,NA,NA,NA,NA,NA,NA,NA,NA,NA,NA,NA,NA,NA,NA,NA,NA,NA,NA,NA,NA,NA,NA,NA,NA,NA,NA,NA,NA,NA,NA,NA,NA,NA,NA
"Estimate...34","atla","10yr","cwd",NA,"lm",0.180194782022267,0.0124707554498043,0.0732268499275795,NA,NA,NA,NA,NA,109.795610951797,NA,NA,NA,NA,NA,NA,NA,NA,NA,NA,NA,NA,NA,NA,NA,NA,NA,NA,NA,NA,NA,NA,NA,NA,NA,NA,NA,NA,NA,NA,NA,NA,NA,NA,NA,NA,NA,NA,NA,NA,NA,NA,NA,NA,NA,NA,NA,NA,NA,NA,NA,NA,NA,NA,NA,NA,NA,NA,NA,NA,NA,NA,NA,NA,NA,NA,NA,NA,NA,NA,NA,NA,NA,NA,NA,NA,NA,NA,NA,NA,NA,NA,NA,NA,NA,NA,NA,NA,NA,NA,NA,NA,NA,NA,NA,NA
"Estimate...35","atla","15yr","cwd",NA,"lm",0.170915546474357,0.00855878459664229,0.11583828799897,NA,NA,NA,NA,NA,108.093151620073,NA,NA,NA,NA,NA,NA,NA,NA,NA,NA,NA,NA,NA,NA,NA,NA,NA,NA,NA,NA,NA,NA,NA,NA,NA,NA,NA,NA,NA,NA,NA,NA,NA,NA,NA,NA,NA,NA,NA,NA,NA,NA,NA,NA,NA,NA,NA,NA,NA,NA,NA,NA,NA,NA,NA,NA,NA,NA,NA,NA,NA,NA,NA,NA,NA,NA,NA,NA,NA,NA,NA,NA,NA,NA,NA,NA,NA,NA,NA,NA,NA,NA,NA,NA,NA,NA,NA,NA,NA,NA,NA,NA,NA,NA,NA,NA
"Estimate...36","atla","all","cwd",NA,"lm",0.139084696161712,0.00871353420854262,0.163193542064777,NA,NA,NA,NA,NA,77.3477653128503,NA,NA,NA,NA,NA,NA,NA,NA,NA,NA,NA,NA,NA,NA,NA,NA,NA,NA,NA,NA,NA,NA,NA,NA,NA,NA,NA,NA,NA,NA,NA,NA,NA,NA,NA,NA,NA,NA,NA,NA,NA,NA,NA,NA,NA,NA,NA,NA,NA,NA,NA,NA,NA,NA,NA,NA,NA,NA,NA,NA,NA,NA,NA,NA,NA,NA,NA,NA,NA,NA,NA,NA,NA,NA,NA,NA,NA,NA,NA,NA,NA,NA,NA,NA,NA,NA,NA,NA,NA,NA,NA,NA,NA,NA,NA,NA
"Estimate...37","atla","5yr","meanclim",NA,"lm",0.168705063255968,0.0123573204014083,0.147501063005745,NA,NA,NA,NA,NA,86.9906963059128,33.7257178576208,8.3921945800043,NA,NA,NA,NA,NA,NA,NA,NA,NA,NA,NA,NA,NA,NA,NA,NA,NA,NA,NA,NA,NA,NA,NA,NA,NA,NA,NA,NA,NA,NA,NA,NA,NA,NA,NA,NA,NA,NA,NA,NA,NA,NA,NA,NA,NA,NA,NA,NA,NA,NA,NA,NA,NA,NA,NA,NA,NA,NA,NA,NA,NA,NA,NA,NA,NA,NA,NA,NA,NA,NA,NA,NA,NA,NA,NA,NA,NA,NA,NA,NA,NA,NA,NA,NA,NA,NA,NA,NA,NA,NA,NA,NA,NA,NA
"Estimate...38","atla","10yr","meanclim",NA,"lm",0.180673774117483,0.0138848226682367,0.100594204168628,NA,NA,NA,NA,NA,111.223341798736,14.9436438187293,15.1423398115668,NA,NA,NA,NA,NA,NA,NA,NA,NA,NA,NA,NA,NA,NA,NA,NA,NA,NA,NA,NA,NA,NA,NA,NA,NA,NA,NA,NA,NA,NA,NA,NA,NA,NA,NA,NA,NA,NA,NA,NA,NA,NA,NA,NA,NA,NA,NA,NA,NA,NA,NA,NA,NA,NA,NA,NA,NA,NA,NA,NA,NA,NA,NA,NA,NA,NA,NA,NA,NA,NA,NA,NA,NA,NA,NA,NA,NA,NA,NA,NA,NA,NA,NA,NA,NA,NA,NA,NA,NA,NA,NA,NA,NA,NA
"Estimate...39","atla","15yr","meanclim",NA,"lm",0.171788246413646,0.0147556964786346,0.110964602694276,NA,NA,NA,NA,NA,109.063885173407,10.8567016239495,7.54742281026076,NA,NA,NA,NA,NA,NA,NA,NA,NA,NA,NA,NA,NA,NA,NA,NA,NA,NA,NA,NA,NA,NA,NA,NA,NA,NA,NA,NA,NA,NA,NA,NA,NA,NA,NA,NA,NA,NA,NA,NA,NA,NA,NA,NA,NA,NA,NA,NA,NA,NA,NA,NA,NA,NA,NA,NA,NA,NA,NA,NA,NA,NA,NA,NA,NA,NA,NA,NA,NA,NA,NA,NA,NA,NA,NA,NA,NA,NA,NA,NA,NA,NA,NA,NA,NA,NA,NA,NA,NA,NA,NA,NA,NA,NA
"Estimate...40","atla","all","meanclim",NA,"lm",0.147459964012031,0.00719065478121759,0.138947362193192,NA,NA,NA,NA,NA,100.398217546216,26.9832805202734,33.5984371778765,NA,NA,NA,NA,NA,NA,NA,NA,NA,NA,NA,NA,NA,NA,NA,NA,NA,NA,NA,NA,NA,NA,NA,NA,NA,NA,NA,NA,NA,NA,NA,NA,NA,NA,NA,NA,NA,NA,NA,NA,NA,NA,NA,NA,NA,NA,NA,NA,NA,NA,NA,NA,NA,NA,NA,NA,NA,NA,NA,NA,NA,NA,NA,NA,NA,NA,NA,NA,NA,NA,NA,NA,NA,NA,NA,NA,NA,NA,NA,NA,NA,NA,NA,NA,NA,NA,NA,NA,NA,NA,NA,NA,NA,NA
"Estimate...41","atla","5yr","LU",NA,"lm",0.198074054686944,0.0181177902342576,0.245332015802248,NA,NA,NA,NA,NA,NA,NA,NA,NA,0.65007281514982,-17.6043501606116,NA,3.08258987164862,NA,-132.995821565405,51.3313258054849,-14.5779851843564,-104.475249858896,10.1431409075359,8.17198998803727,-37.4971715597853,-251.185739432737,-144.207821497043,4.5833557957674,62.1203895839706,5.0629442431219,8.99255160077112,38.6101824815392,11.8576708193654,NA,4.53003439580556,NA,53.4938588702352,24.9621778634305,61.8424981125246,NA,NA,NA,NA,NA,NA,NA,NA,NA,NA,NA,NA,NA,NA,NA,NA,NA,NA,NA,NA,NA,NA,NA,NA,NA,NA,NA,NA,NA,NA,NA,NA,NA,NA,NA,NA,NA,NA,NA,NA,NA,NA,NA,NA,NA,NA,NA,NA,NA,NA,NA,NA,NA,NA,NA,NA,NA,NA,NA,NA,NA,NA,NA,NA,NA,NA,NA
"Estimate...42","atla","10yr","LU",NA,"lm",0.189352413776055,0.0150005667729234,0.216403646710984,NA,NA,NA,NA,NA,NA,NA,NA,-7.12058713552829,15.5334114865756,-23.8837007100693,100.610778660887,-14.8624905558534,NA,-82.9656521188097,87.8580145407248,-6.50859804837274,-14.560606638278,10.3575149877878,-2.8186753611265,-48.2685463612768,-275.682231446157,-102.324543548821,8.45720816541067,61.9553243857028,42.3032831135369,-8.78024054164755,36.540658636381,0.86548182346477,-183.396311131941,7.18367552388207,NA,87.0989826304557,12.1379245827285,3.84172261503581,NA,NA,NA,NA,NA,NA,NA,NA,NA,NA,NA,NA,NA,NA,NA,NA,NA,NA,NA,NA,NA,NA,NA,NA,NA,NA,NA,NA,NA,NA,NA,NA,NA,NA,NA,NA,NA,NA,NA,NA,NA,NA,NA,NA,NA,NA,NA,NA,NA,NA,NA,NA,NA,NA,NA,NA,NA,NA,NA,NA,NA,NA,NA,NA,NA,NA,NA
"Estimate...43","atla","15yr","LU",NA,"lm",0.202325703052662,0.0185864782815646,0.23705650327704,NA,NA,NA,NA,NA,NA,NA,NA,-1.92386613990555,2.46689613275129,-50.8042627930204,85.7395681602837,-34.7406585588785,NA,-69.3984334540942,5.14908491168416,-82.8681457262608,-59.6106970396463,36.2872278936192,-11.1462396066504,-70.37294322619,-391.598985448898,-77.9048977404844,8.72310299197086,65.6924602000163,57.3671240400822,-16.8462647335966,34.0325750327128,4.14624903537113,-113.698515044857,16.5494677539993,NA,66.485842310416,40.1250479357729,26.0578377832003,NA,NA,NA,NA,NA,NA,NA,NA,NA,NA,NA,NA,NA,NA,NA,NA,NA,NA,NA,NA,NA,NA,NA,NA,NA,NA,NA,NA,NA,NA,NA,NA,NA,NA,NA,NA,NA,NA,NA,NA,NA,NA,NA,NA,NA,NA,NA,NA,NA,NA,NA,NA,NA,NA,NA,NA,NA,NA,NA,NA,NA,NA,NA,NA,NA,NA,NA
"Estimate...44","atla","all","LU",NA,"lm",0.166260989933487,0.0131329614216741,0.262124148457828,NA,NA,NA,NA,NA,NA,NA,NA,-1.96418682287026,6.41004046922502,-44.7583967021976,-86.5635880804898,-35.014997672166,NA,-30.4345270855654,-61.3119038551697,-55.6125972192029,-43.3548582450626,96.7887410624686,-14.1208522853159,-59.5502257807714,-222.133200331442,-104.537988579781,2.11618065879495,52.9392641072613,28.7390570896628,6.76557272851738,88.7405140565331,52.9222091151931,57.8578776084064,64.2631449491386,NA,92.8253426228258,76.2546457166527,57.8971022987979,NA,NA,NA,NA,NA,NA,NA,NA,NA,NA,NA,NA,NA,NA,NA,NA,NA,NA,NA,NA,NA,NA,NA,NA,NA,NA,NA,NA,NA,NA,NA,NA,NA,NA,NA,NA,NA,NA,NA,NA,NA,NA,NA,NA,NA,NA,NA,NA,NA,NA,NA,NA,NA,NA,NA,NA,NA,NA,NA,NA,NA,NA,NA,NA,NA,NA,NA
"Estimate...45","atla","5yr","LU_soil_ecor",NA,"lm",0.269920898713894,0.00573847473612106,0.204491529219192,NA,NA,NA,NA,NA,NA,NA,NA,NA,-3.42214490728068,-20.2822836654273,-121.476179348467,5.49880235288076,NA,-102.383595630282,54.8936878396858,-13.4634937922002,-108.775103586353,-12.1534469379508,-0.439793359742108,-35.3648606039287,-233.713977106177,-105.797827092966,6.73192535658986,52.8687697633591,15.8376209868066,10.113475431361,30.4785160781603,14.4696052052797,NA,4.0415375747454,NA,49.8167651543477,17.699060447658,56.5499552294136,NA,32.695826965967,34.6423000481316,-21.2154045199924,31.5710475998003,0.172088064306179,NA,NA,NA,NA,NA,NA,NA,NA,NA,NA,NA,NA,NA,7.84820231387547,6.56054628077413,NA,NA,15.9020676935164,NA,NA,NA,NA,NA,5.23436637475536,NA,NA,8.84179940995039,65.2631308386933,NA,-19.4495008932686,NA,NA,NA,-88.2544515357262,-74.3346135371856,-79.4323153433482,NA,-122.350881173511,-65.7852088603514,-87.6172899136522,-115.006533800432,-120.873556717549,-49.0878934058636,-87.5142526626358,-121.215543086237,-28.5279606354795,-33.3379943756618,-86.6682593678987,0.227773945817283,NA,NA,-89.7409794123926,-68.5302676461467,-85.9713530312884,-99.4731515220929,-54.0235606594569,-63.6964060024718,-67.8786563491363,-75.3968648554243,NA,NA
"Estimate...46","atla","10yr","LU_soil_ecor",NA,"lm",0.252608688347599,0.014552180982415,0.184899095929221,NA,NA,NA,NA,NA,NA,NA,NA,-3.00025486765779,4.62545672256957,-31.1567967223583,87.2998974435247,-18.5117846899933,NA,-72.8742669529552,88.7940317523034,-26.3810054569305,42.005160862023,24.2753782166883,-11.943381329001,-45.1030923436116,-206.270961971084,-46.3328727998365,6.74002519956343,58.8132312428602,23.8108413764119,-11.6478823495156,43.974433895709,21.5993461882993,-183.796223488208,26.0974548215515,NA,108.477214511881,25.6735291317856,4.95475380778307,NA,33.0393964190004,41.4374105209857,-29.2166744978414,29.717153366989,7.01564010003417,NA,NA,NA,NA,NA,NA,NA,NA,NA,NA,NA,NA,NA,13.0852845825082,-1.93831179169762,NA,NA,22.891009417175,NA,NA,NA,NA,NA,5.89274394899068,NA,NA,14.4054012988994,53.7061325969374,NA,12.2549460387109,NA,NA,NA,-36.0712138893716,-37.9220926870115,-52.7809882324377,NA,-67.6720444416885,-25.5967309788608,-59.7707153163635,-50.6950749564225,-97.6765032696809,-23.0780427056016,-46.7058851227421,-46.3372260886186,-26.7427071258581,-2.59946797085953,-51.5318462970867,28.6000150748882,NA,NA,-53.8544533834182,-33.3319063661402,-37.7797837481552,-43.9364453740091,-17.6722714401276,-24.0971884953297,-42.5508754132074,-42.566205536922,NA,NA
"Estimate...47","atla","15yr","LU_soil_ecor",NA,"lm",0.251397580433594,0.0110993711787747,0.186129095554291,NA,NA,NA,NA,NA,NA,NA,NA,-2.57707585442474,-1.11730468422826,-42.3501166873631,67.3698049577497,-30.4446620867245,NA,-115.183506710449,28.737179192886,-84.0117926386739,-27.6994866526276,8.87203961147689,-7.17400692299727,-65.9704026187096,-281.293175953937,-63.6241792430923,8.90458493027045,66.0119027479157,37.4325962695199,-11.209588733184,23.1154335205566,7.29361801987969,-113.356371422249,17.2371910132735,NA,69.1615525325305,30.911184481976,1.13504114752539,NA,39.8898750676765,46.3077872688862,-15.8302566695699,27.828033351845,11.021240017642,NA,NA,NA,NA,NA,NA,NA,NA,NA,NA,NA,NA,NA,22.368949917484,-3.50986907975718,NA,NA,22.2705234847119,NA,NA,NA,NA,NA,-4.03671888206473,NA,NA,14.7367122370298,50.9972488034468,NA,7.32049440857114,NA,NA,NA,-59.7597070803745,-51.9431219785959,-70.2734064378597,NA,-100.126388038964,-43.7409550532369,-72.5443609762386,-89.0635264985877,-89.9540778601164,-30.3854879370272,-65.2610581799931,-118.968555587399,-96.0400872602702,4.30950946712471,-67.346178877784,21.1944424552701,NA,NA,-67.3363045902257,-46.0238795136377,-55.460094407775,-55.0857222604355,-25.6838273642074,-39.2757399464988,-68.1083306629852,-68.8828175411831,NA,NA
"Estimate...48","atla","all","LU_soil_ecor",NA,"lm",0.19350852321469,0.0105660551315688,0.218451152425936,NA,NA,NA,NA,NA,NA,NA,NA,-1.58112652027167,5.0206705056164,-47.0429719268296,-90.2065370561937,-37.6733443960734,NA,-62.7244469789718,837.619442666937,-59.5565719802575,-48.8201570097444,134.143323496955,-18.6586083865068,-57.7152605160321,-230.257345135465,-99.5157490748713,1.41891436937995,48.5491512199215,25.0890681660919,11.1549764646908,111.961497325306,85.1746119999948,93.206046025054,94.0923215860053,NA,102.8297288517,102.927770315127,91.6771764917922,NA,38.6092821908751,44.769491794695,-8.26539456134645,33.0219752443963,28.15626880726,NA,NA,NA,NA,NA,NA,NA,NA,NA,NA,NA,NA,NA,24.436411049677,9.32678827276565,NA,NA,38.8541048467219,NA,NA,NA,NA,NA,7.80381713761355,NA,NA,24.841928593424,36.3196367339549,NA,4.76580848559687,NA,NA,NA,1.50728304844191,-14.6581448367685,3.29762774838087,NA,-30.4316872956352,2.01584323788176,-13.2602928394234,-25.5758432995573,-67.3966145126811,12.1081702247218,-21.6143513210992,-11.9734044094616,-12.5334419077385,-37.9108878527325,-11.1125232989932,41.407198309914,NA,NA,4.92587029710476,-3.51086711390053,-14.795595415954,-27.0243072612668,4.22461664983064,6.33601753564202,-2.12457707511863,NA,NA,NA
"Estimate...49","atla","5yr","LU_soil_ecor_meanclim",NA,"lm",0.305571471328343,0.00458044714093178,0.127777456584729,NA,NA,NA,NA,NA,108.075520378392,47.9154214794571,26.580365441293,NA,-7.27079013814076,-25.1464249007744,-143.061761695942,-3.10165928232672,NA,-110.22937849144,NA,-17.8692064243837,-53.078413619435,-8.58532977787258,-7.1429332931413,-34.8345667760492,-252.53127746595,-111.689094283802,2.38270649051847,52.2011749997905,30.5321698866425,11.0914172780822,12.0542085889748,-2.84729426051484,NA,-14.8940140576682,NA,40.7685849127826,-9.87065075801056,2.55135268896821,NA,23.4024361999296,22.1863207008315,19.9265383328122,41.4563684565972,29.2083486380096,NA,NA,NA,NA,NA,NA,NA,NA,NA,NA,NA,NA,NA,39.5183128403517,47.6038278572072,NA,NA,10.0020283500683,NA,NA,NA,NA,NA,53.4410213832281,NA,NA,14.8441680610284,73.4366745232193,NA,-25.7702896103342,NA,NA,NA,-78.7572945253888,-62.2297556666317,-102.242188975309,NA,-116.286366304373,-61.9288360489802,15.2675866050996,-161.628434395572,-95.5524293033894,-51.1739971200577,-77.5583346694401,-96.3455980301069,-58.7109857378995,-45.4445326875265,-84.2967512560754,13.4819361860594,NA,NA,-98.8011932755965,-64.7740173567206,-79.1103507541158,-83.3374130484653,-44.8658904222711,-62.9052006644423,-71.616723735439,NA,NA,NA
"Estimate...50","atla","10yr","LU_soil_ecor_meanclim",NA,"lm",0.290441799092433,0.00953209980208505,0.0865170626783031,NA,NA,NA,NA,NA,142.172008933836,7.45821569361051,43.5947574941985,-12.1653741515104,5.83521812779833,-24.6966672521159,51.0895566710292,-18.4538144669202,NA,-88.5557062409369,88.9414870840944,-33.5421191578658,25.6623496100026,26.7971967352209,-12.8467747595316,-47.9958539696445,-135.683369105435,-46.9860576053496,3.74984927215583,50.1165900902188,9.39215499460927,-17.1326189161816,22.6603165888664,0.448230435975536,-168.626561923888,7.02160061307123,NA,94.8007188777464,2.22980307800412,-21.0857026694766,NA,4.09336527604582,7.66594758622755,-17.0108573253086,18.9341631888921,9.74981187995568,NA,NA,NA,NA,NA,NA,NA,NA,NA,NA,NA,NA,NA,32.1983356079956,25.6407619092134,NA,NA,-10.5698109819645,NA,NA,NA,NA,NA,23.6915052029744,NA,NA,0.211914410397556,42.9629718539913,NA,-12.7878383992442,NA,NA,NA,-29.8580567971036,-19.7338605683939,-78.6406452547418,NA,-73.3394257673774,-24.1670558884512,-39.673396709878,-87.779446480848,-60.1911404964909,-6.76778115678231,-23.3536094100326,-67.7068692754864,-47.4916961596641,-4.58562701169761,-44.9659838104005,45.6236100287391,NA,NA,-49.6572960884206,-26.3375784075866,-33.3287146175813,-39.1673072434267,-1.02979210974632,-17.1011157160322,-44.1128084977947,-94.9139805731994,NA,NA
"Estimate...51","atla","15yr","LU_soil_ecor_meanclim",NA,"lm",0.281485976224922,0.014699721726182,0.0922439243285124,NA,NA,NA,NA,NA,133.190935635698,3.15956226931843,36.9093182415541,-0.990649924665971,-0.507383363427217,-46.7396329986807,52.2828511444852,-34.9780590935709,NA,-69.5536544529927,44.4095354695985,-96.6469277626743,-71.181837200208,26.5090311654339,-14.9422277396262,-65.5831218380217,-250.678248993622,-60.7671679988287,5.11493768940805,61.3224620911678,51.075565062479,-7.82698901269022,16.0404041509065,1.88532946758547,-106.05574614051,10.8375610343237,NA,62.286776006546,22.4125674153586,10.6003808144663,NA,5.92686177909498,8.86795437943763,-15.9558486922717,13.1105856014831,6.83145312257686,NA,NA,NA,NA,NA,NA,NA,NA,NA,NA,NA,NA,NA,43.6172175389552,16.7833419249655,NA,NA,-13.3906096556881,NA,NA,NA,NA,NA,16.6268913864095,NA,NA,-6.24292413020966,34.5921735304876,NA,-33.7546410308184,NA,NA,NA,-41.3589862888487,-26.4122570707449,-74.9658159879016,NA,-84.6762655405187,-34.9855284675899,-55.636792381496,-105.91881115703,-55.6400483499879,-9.98355134619331,-28.7476109647916,-108.191397323269,NA,2.69073632317709,-54.2691323176461,24.9004495339724,NA,NA,-50.8123061900464,-31.3263046886755,-41.9292843735927,-19.7591037318166,-4.4017304693141,-23.3948777813749,-58.1005635410776,-65.000812413695,NA,NA
"Estimate...52","atla","all","LU_soil_ecor_meanclim",NA,"lm",0.23081955040779,0.0203806924759695,0.117327268023578,NA,NA,NA,NA,NA,117.22956067897,39.9534499558091,48.9046665596386,-1.55948807632215,-4.97496484970419,-42.0856972441705,-86.3987911527808,-38.0005197863537,NA,-68.8057573432124,860.88951615948,-64.8906692609326,-51.6236537869877,127.55641115447,-24.9111088892297,-58.7662994153567,-236.48158037684,-52.3420101304468,-1.60459929387444,44.5215794467385,49.5427284490433,7.46655096023614,87.5076115976715,63.7104906497072,50.3632031528078,70.7774967266146,NA,119.595621744038,78.7756055262125,63.743649075769,NA,5.14444085796887,8.48080926851473,-1.08282510125733,18.4494565428337,17.5613736257904,NA,NA,NA,NA,NA,NA,NA,NA,NA,NA,NA,NA,NA,26.2631991659224,18.2359467660108,NA,NA,-0.215722400733385,NA,NA,NA,NA,NA,26.8668144740459,NA,NA,2.24368591870274,12.3868650174542,NA,-25.616237375107,NA,NA,NA,-5.73230713634902,-9.25009594087385,-48.1382304068649,NA,-37.237162161622,-6.32347052666315,-14.9199718518138,-98.4438382811903,-37.1436843657576,-0.497390166977911,-15.271061568786,-23.8177949395855,-10.6104559765406,-45.5275149725756,-18.388293634733,35.169379545577,NA,NA,-11.1392460171497,-13.3207009014947,-21.8435125239153,-27.7542730019454,7.11459444833663,-1.76008809446385,-21.7975167356743,NA,NA,NA
"Estimate...53","atla","5yr","age",NA,"lm",0.0205378986083122,0.00581956160753305,NA,34.2675424850291,NA,NA,NA,NA,NA,NA,NA,NA,NA,NA,NA,NA,NA,NA,NA,NA,NA,NA,NA,NA,NA,NA,NA,NA,NA,NA,NA,NA,NA,NA,NA,NA,NA,NA,NA,NA,NA,NA,NA,NA,NA,NA,NA,NA,NA,NA,NA,NA,NA,NA,NA,NA,NA,NA,NA,NA,NA,NA,NA,NA,NA,NA,NA,NA,NA,NA,NA,NA,NA,NA,NA,NA,NA,NA,NA,NA,NA,NA,NA,NA,NA,NA,NA,NA,NA,NA,NA,NA,NA,NA,NA,NA,NA,NA,NA,NA,NA,NA,NA,NA,NA
"Estimate...54","atla","10yr","age",NA,"lm",0.0200710755571303,0.0100519864436499,NA,32.1546615546168,NA,NA,NA,NA,NA,NA,NA,NA,NA,NA,NA,NA,NA,NA,NA,NA,NA,NA,NA,NA,NA,NA,NA,NA,NA,NA,NA,NA,NA,NA,NA,NA,NA,NA,NA,NA,NA,NA,NA,NA,NA,NA,NA,NA,NA,NA,NA,NA,NA,NA,NA,NA,NA,NA,NA,NA,NA,NA,NA,NA,NA,NA,NA,NA,NA,NA,NA,NA,NA,NA,NA,NA,NA,NA,NA,NA,NA,NA,NA,NA,NA,NA,NA,NA,NA,NA,NA,NA,NA,NA,NA,NA,NA,NA,NA,NA,NA,NA,NA,NA,NA
"Estimate...55","atla","15yr","age",NA,"lm",0.0322091006736278,0.00887928104223909,NA,42.4310305104396,NA,NA,NA,NA,NA,NA,NA,NA,NA,NA,NA,NA,NA,NA,NA,NA,NA,NA,NA,NA,NA,NA,NA,NA,NA,NA,NA,NA,NA,NA,NA,NA,NA,NA,NA,NA,NA,NA,NA,NA,NA,NA,NA,NA,NA,NA,NA,NA,NA,NA,NA,NA,NA,NA,NA,NA,NA,NA,NA,NA,NA,NA,NA,NA,NA,NA,NA,NA,NA,NA,NA,NA,NA,NA,NA,NA,NA,NA,NA,NA,NA,NA,NA,NA,NA,NA,NA,NA,NA,NA,NA,NA,NA,NA,NA,NA,NA,NA,NA,NA,NA
"Estimate...56","atla","all","age",NA,"lm",0.0353985226302331,0.00713449049241442,NA,42.0227860136973,NA,NA,NA,NA,NA,NA,NA,NA,NA,NA,NA,NA,NA,NA,NA,NA,NA,NA,NA,NA,NA,NA,NA,NA,NA,NA,NA,NA,NA,NA,NA,NA,NA,NA,NA,NA,NA,NA,NA,NA,NA,NA,NA,NA,NA,NA,NA,NA,NA,NA,NA,NA,NA,NA,NA,NA,NA,NA,NA,NA,NA,NA,NA,NA,NA,NA,NA,NA,NA,NA,NA,NA,NA,NA,NA,NA,NA,NA,NA,NA,NA,NA,NA,NA,NA,NA,NA,NA,NA,NA,NA,NA,NA,NA,NA,NA,NA,NA,NA,NA,NA
"Estimate...57","atla","5yr","mat_biomass",NA,"lm",0.0892683459382398,0.00898625059383437,0.35595084735742,NA,NA,NA,NA,NA,NA,NA,NA,NA,NA,NA,NA,NA,NA,NA,NA,NA,NA,NA,NA,NA,NA,NA,NA,NA,NA,NA,NA,NA,NA,NA,NA,NA,NA,NA,NA,NA,NA,NA,NA,NA,NA,NA,NA,NA,NA,NA,NA,NA,NA,NA,NA,NA,NA,NA,NA,NA,NA,NA,NA,NA,NA,NA,NA,NA,NA,NA,NA,NA,NA,NA,NA,NA,NA,NA,NA,NA,NA,NA,NA,NA,NA,NA,NA,NA,NA,NA,NA,NA,NA,NA,NA,NA,NA,NA,NA,NA,NA,NA,NA,NA,NA
"Estimate...58","atla","10yr","mat_biomass",NA,"lm",0.0744318127219625,0.0237599975864218,0.31872951216618,NA,NA,NA,NA,NA,NA,NA,NA,NA,NA,NA,NA,NA,NA,NA,NA,NA,NA,NA,NA,NA,NA,NA,NA,NA,NA,NA,NA,NA,NA,NA,NA,NA,NA,NA,NA,NA,NA,NA,NA,NA,NA,NA,NA,NA,NA,NA,NA,NA,NA,NA,NA,NA,NA,NA,NA,NA,NA,NA,NA,NA,NA,NA,NA,NA,NA,NA,NA,NA,NA,NA,NA,NA,NA,NA,NA,NA,NA,NA,NA,NA,NA,NA,NA,NA,NA,NA,NA,NA,NA,NA,NA,NA,NA,NA,NA,NA,NA,NA,NA,NA,NA
"Estimate...59","atla","15yr","mat_biomass",NA,"lm",0.080969347058329,0.00483620425323048,0.352120662629642,NA,NA,NA,NA,NA,NA,NA,NA,NA,NA,NA,NA,NA,NA,NA,NA,NA,NA,NA,NA,NA,NA,NA,NA,NA,NA,NA,NA,NA,NA,NA,NA,NA,NA,NA,NA,NA,NA,NA,NA,NA,NA,NA,NA,NA,NA,NA,NA,NA,NA,NA,NA,NA,NA,NA,NA,NA,NA,NA,NA,NA,NA,NA,NA,NA,NA,NA,NA,NA,NA,NA,NA,NA,NA,NA,NA,NA,NA,NA,NA,NA,NA,NA,NA,NA,NA,NA,NA,NA,NA,NA,NA,NA,NA,NA,NA,NA,NA,NA,NA,NA,NA
"Estimate...60","atla","all","mat_biomass",NA,"lm",0.0829716752609832,0.0183310716317184,0.324394232506369,NA,NA,NA,NA,NA,NA,NA,NA,NA,NA,NA,NA,NA,NA,NA,NA,NA,NA,NA,NA,NA,NA,NA,NA,NA,NA,NA,NA,NA,NA,NA,NA,NA,NA,NA,NA,NA,NA,NA,NA,NA,NA,NA,NA,NA,NA,NA,NA,NA,NA,NA,NA,NA,NA,NA,NA,NA,NA,NA,NA,NA,NA,NA,NA,NA,NA,NA,NA,NA,NA,NA,NA,NA,NA,NA,NA,NA,NA,NA,NA,NA,NA,NA,NA,NA,NA,NA,NA,NA,NA,NA,NA,NA,NA,NA,NA,NA,NA,NA,NA,NA,NA
"Estimate...61","atla","5yr","age_mat_biomass",NA,"lm",0.106613178861512,0.00857979894662654,0.353528355092326,34.1141791230952,NA,NA,NA,NA,NA,NA,NA,NA,NA,NA,NA,NA,NA,NA,NA,NA,NA,NA,NA,NA,NA,NA,NA,NA,NA,NA,NA,NA,NA,NA,NA,NA,NA,NA,NA,NA,NA,NA,NA,NA,NA,NA,NA,NA,NA,NA,NA,NA,NA,NA,NA,NA,NA,NA,NA,NA,NA,NA,NA,NA,NA,NA,NA,NA,NA,NA,NA,NA,NA,NA,NA,NA,NA,NA,NA,NA,NA,NA,NA,NA,NA,NA,NA,NA,NA,NA,NA,NA,NA,NA,NA,NA,NA,NA,NA,NA,NA,NA,NA,NA,NA
"Estimate...62","atla","10yr","age_mat_biomass",NA,"lm",0.093667331104688,0.00723992834646391,0.337310284654236,34.9857037646106,NA,NA,NA,NA,NA,NA,NA,NA,NA,NA,NA,NA,NA,NA,NA,NA,NA,NA,NA,NA,NA,NA,NA,NA,NA,NA,NA,NA,NA,NA,NA,NA,NA,NA,NA,NA,NA,NA,NA,NA,NA,NA,NA,NA,NA,NA,NA,NA,NA,NA,NA,NA,NA,NA,NA,NA,NA,NA,NA,NA,NA,NA,NA,NA,NA,NA,NA,NA,NA,NA,NA,NA,NA,NA,NA,NA,NA,NA,NA,NA,NA,NA,NA,NA,NA,NA,NA,NA,NA,NA,NA,NA,NA,NA,NA,NA,NA,NA,NA,NA,NA
"Estimate...63","atla","15yr","age_mat_biomass",NA,"lm",0.111252466113568,0.022410137469634,0.340456989647974,43.1285856961539,NA,NA,NA,NA,NA,NA,NA,NA,NA,NA,NA,NA,NA,NA,NA,NA,NA,NA,NA,NA,NA,NA,NA,NA,NA,NA,NA,NA,NA,NA,NA,NA,NA,NA,NA,NA,NA,NA,NA,NA,NA,NA,NA,NA,NA,NA,NA,NA,NA,NA,NA,NA,NA,NA,NA,NA,NA,NA,NA,NA,NA,NA,NA,NA,NA,NA,NA,NA,NA,NA,NA,NA,NA,NA,NA,NA,NA,NA,NA,NA,NA,NA,NA,NA,NA,NA,NA,NA,NA,NA,NA,NA,NA,NA,NA,NA,NA,NA,NA,NA,NA
"Estimate...64","atla","all","age_mat_biomass",NA,"lm",0.119178520394958,0.0225434525587952,0.332687943816857,42.6045798121943,NA,NA,NA,NA,NA,NA,NA,NA,NA,NA,NA,NA,NA,NA,NA,NA,NA,NA,NA,NA,NA,NA,NA,NA,NA,NA,NA,NA,NA,NA,NA,NA,NA,NA,NA,NA,NA,NA,NA,NA,NA,NA,NA,NA,NA,NA,NA,NA,NA,NA,NA,NA,NA,NA,NA,NA,NA,NA,NA,NA,NA,NA,NA,NA,NA,NA,NA,NA,NA,NA,NA,NA,NA,NA,NA,NA,NA,NA,NA,NA,NA,NA,NA,NA,NA,NA,NA,NA,NA,NA,NA,NA,NA,NA,NA,NA,NA,NA,NA,NA,NA
"Estimate...65","both","5yr","cwd",NA,"lm",0.138761063237198,0.0171232512142261,0.325761951898918,NA,NA,NA,NA,NA,48.9337977166582,NA,NA,NA,NA,NA,NA,NA,NA,NA,NA,NA,NA,NA,NA,NA,NA,NA,NA,NA,NA,NA,NA,NA,NA,NA,NA,NA,NA,NA,NA,NA,NA,NA,NA,NA,NA,NA,NA,NA,NA,NA,NA,NA,NA,NA,NA,NA,NA,NA,NA,NA,NA,NA,NA,NA,NA,NA,NA,NA,NA,NA,NA,NA,NA,NA,NA,NA,NA,NA,NA,NA,NA,NA,NA,NA,NA,NA,NA,NA,NA,NA,NA,NA,NA,NA,NA,NA,NA,NA,NA,NA,NA,NA,NA,NA,NA
"Estimate...66","both","10yr","cwd",NA,"lm",0.130702479443458,0.00728691800847182,0.338133487462333,NA,NA,NA,NA,NA,49.2789690706719,NA,NA,NA,NA,NA,NA,NA,NA,NA,NA,NA,NA,NA,NA,NA,NA,NA,NA,NA,NA,NA,NA,NA,NA,NA,NA,NA,NA,NA,NA,NA,NA,NA,NA,NA,NA,NA,NA,NA,NA,NA,NA,NA,NA,NA,NA,NA,NA,NA,NA,NA,NA,NA,NA,NA,NA,NA,NA,NA,NA,NA,NA,NA,NA,NA,NA,NA,NA,NA,NA,NA,NA,NA,NA,NA,NA,NA,NA,NA,NA,NA,NA,NA,NA,NA,NA,NA,NA,NA,NA,NA,NA,NA,NA,NA,NA
"Estimate...67","both","15yr","cwd",NA,"lm",0.126066465773787,0.0154914329908625,0.334453988976275,NA,NA,NA,NA,NA,47.2621121280108,NA,NA,NA,NA,NA,NA,NA,NA,NA,NA,NA,NA,NA,NA,NA,NA,NA,NA,NA,NA,NA,NA,NA,NA,NA,NA,NA,NA,NA,NA,NA,NA,NA,NA,NA,NA,NA,NA,NA,NA,NA,NA,NA,NA,NA,NA,NA,NA,NA,NA,NA,NA,NA,NA,NA,NA,NA,NA,NA,NA,NA,NA,NA,NA,NA,NA,NA,NA,NA,NA,NA,NA,NA,NA,NA,NA,NA,NA,NA,NA,NA,NA,NA,NA,NA,NA,NA,NA,NA,NA,NA,NA,NA,NA,NA,NA
"Estimate...68","both","all","cwd",NA,"lm",0.128943319873903,0.0151578096888845,0.364289456339224,NA,NA,NA,NA,NA,36.7200409198373,NA,NA,NA,NA,NA,NA,NA,NA,NA,NA,NA,NA,NA,NA,NA,NA,NA,NA,NA,NA,NA,NA,NA,NA,NA,NA,NA,NA,NA,NA,NA,NA,NA,NA,NA,NA,NA,NA,NA,NA,NA,NA,NA,NA,NA,NA,NA,NA,NA,NA,NA,NA,NA,NA,NA,NA,NA,NA,NA,NA,NA,NA,NA,NA,NA,NA,NA,NA,NA,NA,NA,NA,NA,NA,NA,NA,NA,NA,NA,NA,NA,NA,NA,NA,NA,NA,NA,NA,NA,NA,NA,NA,NA,NA,NA,NA
"Estimate...69","both","5yr","meanclim",NA,"lm",0.140402250620988,0.0241150476090365,0.325437310283843,NA,NA,NA,NA,NA,56.833056040118,14.4792008713186,13.5112154334521,NA,NA,NA,NA,NA,NA,NA,NA,NA,NA,NA,NA,NA,NA,NA,NA,NA,NA,NA,NA,NA,NA,NA,NA,NA,NA,NA,NA,NA,NA,NA,NA,NA,NA,NA,NA,NA,NA,NA,NA,NA,NA,NA,NA,NA,NA,NA,NA,NA,NA,NA,NA,NA,NA,NA,NA,NA,NA,NA,NA,NA,NA,NA,NA,NA,NA,NA,NA,NA,NA,NA,NA,NA,NA,NA,NA,NA,NA,NA,NA,NA,NA,NA,NA,NA,NA,NA,NA,NA,NA,NA,NA,NA,NA
"Estimate...70","both","10yr","meanclim",NA,"lm",0.139148657221722,0.0189525409773878,0.309868735754946,NA,NA,NA,NA,NA,63.5889516948156,27.5474940324316,18.798740464959,NA,NA,NA,NA,NA,NA,NA,NA,NA,NA,NA,NA,NA,NA,NA,NA,NA,NA,NA,NA,NA,NA,NA,NA,NA,NA,NA,NA,NA,NA,NA,NA,NA,NA,NA,NA,NA,NA,NA,NA,NA,NA,NA,NA,NA,NA,NA,NA,NA,NA,NA,NA,NA,NA,NA,NA,NA,NA,NA,NA,NA,NA,NA,NA,NA,NA,NA,NA,NA,NA,NA,NA,NA,NA,NA,NA,NA,NA,NA,NA,NA,NA,NA,NA,NA,NA,NA,NA,NA,NA,NA,NA,NA,NA
"Estimate...71","both","15yr","meanclim",NA,"lm",0.130526076275268,0.0154780542421969,0.317952282914894,NA,NA,NA,NA,NA,59.7246257630658,23.4905879002517,13.852287624191,NA,NA,NA,NA,NA,NA,NA,NA,NA,NA,NA,NA,NA,NA,NA,NA,NA,NA,NA,NA,NA,NA,NA,NA,NA,NA,NA,NA,NA,NA,NA,NA,NA,NA,NA,NA,NA,NA,NA,NA,NA,NA,NA,NA,NA,NA,NA,NA,NA,NA,NA,NA,NA,NA,NA,NA,NA,NA,NA,NA,NA,NA,NA,NA,NA,NA,NA,NA,NA,NA,NA,NA,NA,NA,NA,NA,NA,NA,NA,NA,NA,NA,NA,NA,NA,NA,NA,NA,NA,NA,NA,NA,NA,NA
"Estimate...72","both","all","meanclim",NA,"lm",0.131075607637048,0.0144865526749625,0.352999741468503,NA,NA,NA,NA,NA,55.4437821280296,8.96852506810503,22.2155716736548,NA,NA,NA,NA,NA,NA,NA,NA,NA,NA,NA,NA,NA,NA,NA,NA,NA,NA,NA,NA,NA,NA,NA,NA,NA,NA,NA,NA,NA,NA,NA,NA,NA,NA,NA,NA,NA,NA,NA,NA,NA,NA,NA,NA,NA,NA,NA,NA,NA,NA,NA,NA,NA,NA,NA,NA,NA,NA,NA,NA,NA,NA,NA,NA,NA,NA,NA,NA,NA,NA,NA,NA,NA,NA,NA,NA,NA,NA,NA,NA,NA,NA,NA,NA,NA,NA,NA,NA,NA,NA,NA,NA,NA,NA
"Estimate...73","both","5yr","LU",NA,"lm",0.207996328831238,0.0103690896176755,0.339416991361724,NA,NA,NA,NA,NA,NA,NA,NA,NA,-2.61743712739075,-23.7558329268527,-38.0033610941117,-9.58728739384038,109.386067689842,-141.032612687519,NA,-45.6793508826463,-110.929375999542,58.2140040252632,16.2327778941087,-42.8201846379687,-127.742758631865,-41.3753873064521,5.00765825804692,49.7905724494883,8.45232285045238,10.2257575472799,64.9041752293386,67.9420196439723,NA,45.5020821179992,NA,141.108053805346,81.7651758930516,109.619912850605,NA,NA,NA,NA,NA,NA,NA,NA,NA,NA,NA,NA,NA,NA,NA,NA,NA,NA,NA,NA,NA,NA,NA,NA,NA,NA,NA,NA,NA,NA,NA,NA,NA,NA,NA,NA,NA,NA,NA,NA,NA,NA,NA,NA,NA,NA,NA,NA,NA,NA,NA,NA,NA,NA,NA,NA,NA,NA,NA,NA,NA,NA,NA,NA,NA,NA,NA
"Estimate...74","both","10yr","LU",NA,"lm",0.19306094751391,0.0103508956875929,0.337520280934552,NA,NA,NA,NA,NA,NA,NA,NA,-2.07856545807597,4.82814605448345,-11.6471525517837,NA,-16.1256101153555,27.533811310792,-82.4422007265546,134.606604739814,-41.7183609646716,232.100245123231,23.9909241203797,3.34412531388296,-49.4182920116489,-110.165568249558,-39.5395031372396,5.77710477141303,55.6029631384393,4.66761245612968,6.68307461527056,29.8827068660932,21.7595839128122,NA,7.15987515499905,5.20197198628621,116.491161937161,28.1522821598998,-120.898747502927,NA,NA,NA,NA,NA,NA,NA,NA,NA,NA,NA,NA,NA,NA,NA,NA,NA,NA,NA,NA,NA,NA,NA,NA,NA,NA,NA,NA,NA,NA,NA,NA,NA,NA,NA,NA,NA,NA,NA,NA,NA,NA,NA,NA,NA,NA,NA,NA,NA,NA,NA,NA,NA,NA,NA,NA,NA,NA,NA,NA,NA,NA,NA,NA,NA,NA,NA
"Estimate...75","both","15yr","LU",NA,"lm",0.194982443607304,0.0219951782905654,0.340408619519929,NA,NA,NA,NA,NA,NA,NA,NA,-4.22286545842373,0.0193516441822723,-33.907925972665,146.085956919342,-33.9264881167364,-99.7559027062326,-66.5013329701962,-44.395930610867,-114.006986302701,-49.548972026118,55.1338558194425,-26.2411464929669,-71.9673959492794,-120.044761088687,-34.3129292929473,2.4641432518824,57.4815824386226,-1.49195117628001,5.97630334497186,42.4278347255863,29.5829207514965,NA,16.6248723969427,101.188313933663,100.897195341879,47.2616615222314,27.4155666036713,NA,NA,NA,NA,NA,NA,NA,NA,NA,NA,NA,NA,NA,NA,NA,NA,NA,NA,NA,NA,NA,NA,NA,NA,NA,NA,NA,NA,NA,NA,NA,NA,NA,NA,NA,NA,NA,NA,NA,NA,NA,NA,NA,NA,NA,NA,NA,NA,NA,NA,NA,NA,NA,NA,NA,NA,NA,NA,NA,NA,NA,NA,NA,NA,NA,NA,NA
"Estimate...76","both","all","LU",NA,"lm",0.190882779242155,0.0162092789451118,0.365965100917322,NA,NA,NA,NA,NA,NA,NA,NA,-2.17852675043659,5.41203868171492,-35.8825660950851,-119.273381523819,-31.3802737275218,37.6655447413128,-14.3599415179389,-97.3926807586494,-59.6690383871804,-8.72576545460544,73.1376851655093,-5.07068952270658,-47.371184412672,-123.387333193439,-28.4466744830838,2.37185764660056,48.1288959075899,24.1636132476136,12.7816889473677,70.9807970358965,54.9681088732568,52.1695055765393,48.5334473898783,18.1576459446669,46.5863754317554,66.1048627379357,7.07199000480787,NA,NA,NA,NA,NA,NA,NA,NA,NA,NA,NA,NA,NA,NA,NA,NA,NA,NA,NA,NA,NA,NA,NA,NA,NA,NA,NA,NA,NA,NA,NA,NA,NA,NA,NA,NA,NA,NA,NA,NA,NA,NA,NA,NA,NA,NA,NA,NA,NA,NA,NA,NA,NA,NA,NA,NA,NA,NA,NA,NA,NA,NA,NA,NA,NA,NA,NA
"Estimate...77","both","5yr","LU_soil_ecor",NA,"lm",0.261399105768394,0.0105843538870531,0.266382173388141,NA,NA,NA,NA,NA,NA,NA,NA,NA,-2.53947500796671,-17.6113649205864,NA,-2.51354083963942,86.2708246020029,-203.097278974391,NA,-18.840400911152,-82.5739674676702,41.1470752206293,4.0967813992938,-44.0814024810176,-112.452287165672,-48.366404228,-0.319362832258847,47.798903238359,1.36665782525645,3.61100529164553,65.9311669681638,45.2770439329649,NA,46.91895304029,NA,293.681290764783,63.6722895971062,96.0259230658999,NA,26.4074209398931,25.6885418923893,-46.8018100396832,17.5732163481192,-5.92586452329127,-7.66655702585963,124.880561191873,32.3485207566722,39.6956996498574,115.092190181784,60.1792315111858,41.7219215186938,43.1925479480222,36.2164195669299,30.337523819012,67.4341965486763,34.6819059329402,28.5005991376546,6.99927598779909,3.59646693117943,31.4771684209688,42.0290491372271,9.96740931780805,52.8382179720092,60.9021589717199,34.3544389552776,20.7325699247821,45.6989724298175,7.13295578020426,22.9772790343263,41.9294642352371,-7.64323724775434,35.744528317356,6.00106722425987,-14.5694857794009,35.6363845180784,37.6670376031337,NA,-109.312845242956,-102.612003337706,-91.2101009226003,-99.3719153499855,-102.842339505352,-88.9150005943241,-107.279473920118,-90.1267825077226,-148.747848535348,-81.5578780243063,-101.548215366579,-151.54344183231,-104.669808073454,-63.7758853682842,-116.806326662808,-91.3089529958005,-110.182296646397,-139.155545409452,-111.817497281531,-90.7259979688755,-108.604892234606,-89.2308985108106,-75.3214195811716,-91.3493775155445,-94.4421365235362,NA,NA,NA
"Estimate...78","both","10yr","LU_soil_ecor",NA,"lm",0.2564824043549,0.0245003825322208,0.244854431909089,NA,NA,NA,NA,NA,NA,NA,NA,-2.59543418000975,5.47856004696404,-12.513255826404,NA,-15.638790746928,11.433135524095,-71.5849478437727,145.727343192902,-34.157850168195,113.284357027904,39.9445379507314,-2.92973016315366,-51.6588740322797,-103.371902089181,-41.7520719802926,2.21819518024836,50.4234073646016,6.11855698106365,5.02436563793734,46.0885809656918,16.5304937221392,NA,29.6794010331354,14.0461706136603,121.646096505162,38.6309760163845,-39.4786124061262,NA,101.354144901992,113.835321839061,53.966023118925,101.390229278719,77.8346796334226,102.141203674997,126.416001745815,115.521597814152,74.2530704863875,177.967811166392,158.861751124329,138.131529226423,135.463152200478,100.105991343255,114.216584988928,128.998921705029,135.614069760801,66.0051364929661,81.897385713419,73.9189083463639,119.261778006488,139.467099444012,91.8763672718509,186.576372598249,144.228002298448,119.83979417123,102.771010574509,130.720135188224,80.318077550694,110.546928545311,133.740389585144,65.4963262803755,119.185137479303,93.873550049336,128.002176052984,115.731770587195,134.852594259628,69.7188743482063,-69.47845464687,-74.2083665937269,-85.6239490248033,-80.7344434903791,-68.3404507967514,-62.8948621831045,-86.060526114911,-101.712482793126,-127.604886731593,-65.6744394500708,-76.7116646810333,-89.0470830098783,-71.7893274137512,-47.8647086025356,-91.0333670989011,-64.3981963357298,-76.6740680479143,-114.919461196889,-70.8776655115136,-63.6276755199113,-70.2804442641007,-46.1324070321996,-61.2216370851477,-62.3748387992107,-77.2678157661749,-119.093146690728,NA,NA
"Estimate...79","both","15yr","LU_soil_ecor",NA,"lm",0.252945870166525,0.0112722545885973,0.2495714986993,NA,NA,NA,NA,NA,NA,NA,NA,-4.06124198228638,-0.784175557331358,-38.1363378781774,37.5261166106795,-35.4455025164878,228.095974569502,-92.4291379111975,-17.8628433024154,-110.512533816968,-37.2727948750225,44.6640193507179,-32.8230032616583,-79.5178331992607,-108.102505793231,-51.4191742119237,0.464599667675015,54.781247869013,-5.84005351264637,1.87889543092381,52.7917906383244,23.6105432360654,NA,37.3094434875177,NA,199.694283994166,56.6641117487515,40.5540249780362,NA,40.9092084296672,44.5002343904246,-11.912547257061,27.5539583402294,9.52754117252491,101.665092489872,58.860142018573,49.7520594711319,36.9896301125675,128.787673946299,94.9550443679414,42.537088062645,71.9979857591695,41.0502105847136,48.6362622851013,64.975680752962,79.0119777265212,41.962113229745,31.9027817642966,-6.93815363536696,61.5837050211825,74.8562137552238,23.255317550569,128.374985348961,80.6423876900976,58.9247973213821,39.1236941379842,61.634054519493,0.527027858393443,39.7700694834456,66.2147787592722,1.62617196184017,45.1408937191426,31.9488977522874,-24.5933407276898,58.2526691347151,64.7710073275223,NA,-72.6005854958795,-70.7251484669964,-73.2806844213848,-76.080220862217,-73.0706299242425,-65.3459975907371,-76.5939760317812,-108.627245759531,-111.29616267563,-42.1048813022971,-67.246380534419,NA,-60.852808826499,-18.3338380090638,-81.9607470788586,-48.3806791634153,-83.7153427173918,-113.662839652969,-76.0622160403125,-60.792267752913,-70.232178890534,-43.2877925563495,-43.2134147083567,-58.9588382803606,-70.518554230666,NA,NA,NA
"Estimate...80","both","all","LU_soil_ecor",NA,"lm",0.227431560110153,0.0165521813036229,0.291676331617528,NA,NA,NA,NA,NA,NA,NA,NA,-2.37537295715551,2.5020921284296,-41.1625095470606,-184.135998523473,-30.0427271765493,19.4493065683941,-56.5388844931807,-86.4241442304422,-64.0236818942499,-4.39455343332131,94.1134194008796,-13.8045548500822,-58.0413057965258,-120.715269708087,-29.8573889297628,2.83189347357515,47.731241140166,14.2947626904265,5.235521816899,70.1333265406172,41.2658782906996,81.045807983636,47.1979378880536,15.0273894917582,71.5932374613961,58.7139479810731,12.3947297480667,NA,38.1720135798965,53.1698926199257,-15.9052868540348,35.3419540711163,30.5107890222033,100.397001857623,17.8056519549049,36.3489619686153,24.0111669460349,126.458954135874,63.3126918471803,70.1414143004546,73.6722839743789,46.7310667626334,48.8895407732876,65.677914318138,76.4208526994091,36.6351982979427,29.8412641369845,11.1974276657876,59.0101632610811,58.4327609669742,34.1184175648169,106.956858981793,69.7057218565956,58.3179069994566,35.1648110897845,58.676560912781,12.7180068586862,48.0716566448878,68.0066670691418,17.8494613854396,43.5230143181281,19.3876902823876,7.29573414274133,100.673201085945,48.9141723032199,15.4405695097145,-34.8294044952751,-45.7441637274939,-31.3365323809117,-50.0405441719146,-44.3987470705647,-33.7618282345764,-49.9086063459925,-39.1551895933152,-98.931068178461,-26.2111573106188,-41.9286901135887,-39.0572479335296,-31.452140040715,-110.996407652982,-55.581169815176,-48.3233999628801,-53.5183692833661,-68.0626250075628,-32.8514207663154,-35.4426065817963,-49.4578478626573,-41.391768881429,-28.3440939369257,-30.8576876930198,-37.0728639393964,NA,NA,NA
"Estimate...81","both","5yr","LU_soil_ecor_meanclim",NA,"lm",0.273440646792924,0.0202281377430338,0.239903202341822,NA,NA,NA,NA,NA,96.1140728285821,-49.8280367853566,30.2169968263824,NA,-3.20096965697244,-15.6099350627897,-81.314383905532,8.78974747297498,68.5123993895442,-156.99626632081,NA,-38.3155419554306,-281.7504448932,41.1135809472275,11.3741174412319,-41.2767894357262,-114.62807072258,-52.6027403430404,-0.0068330895060262,47.4422307425147,7.48961470562206,7.93759486960429,47.0253250437397,32.5360723114822,NA,23.1684757883153,NA,142.648573951619,57.1980112814939,198.401086624415,NA,8.06977803162749,7.44031087861794,-11.4477170033843,10.219398618244,-7.25498837550417,11.5051781025994,143.486171973598,69.4622967332468,50.6023327668234,97.7142871463008,66.5253323912294,51.3907136735124,55.329441921754,40.9940803366363,41.7171362909936,69.8258971517317,28.9220929495693,61.1019072306573,27.5685071349311,25.1606341543087,40.8387360573753,40.3629562018381,-8.48292259131989,43.2751332538594,70.1115344786537,54.5014737741467,35.3854002999301,56.0642796306728,27.2480915367233,34.9078230320375,65.577867274085,-17.3415250428219,45.2702462681133,42.1752892459816,-18.4016031213988,53.4975576813026,57.365321263812,0.0892716049769354,-85.7889720240863,-70.77035141507,-88.7548671371921,-69.9599957320519,-68.0472620806575,-59.6698722622122,-82.0190573607262,-99.4670022330374,-106.214315880963,-47.9022422817012,-69.3453698286633,-119.275162922594,-83.9463421887219,-46.6186694907847,-82.2339101550773,-68.1320782941831,-84.1105425828572,-96.2928577893875,-83.7538001481862,-61.2924252968507,-78.6522279598115,-54.8442003507165,-43.6442883169926,-61.0171419050835,-68.5398200414544,-79.2424848991214,NA,NA
"Estimate...82","both","10yr","LU_soil_ecor_meanclim",NA,"lm",0.265469269399557,0.021847580393469,0.203751333332842,NA,NA,NA,NA,NA,112.245259398631,-53.8181370138551,46.9560227630623,-2.99474769921752,6.44961788760155,-17.9245200871785,NA,-22.8510676419301,45.7401736779279,-117.526863315744,162.728827661818,-12.6417671338235,28.8136494301633,33.1698338882958,-7.1276842978158,-57.6897450330602,-95.4585320077636,-33.9824971384713,5.00166116190467,49.9620208482518,1.37820697332114,3.81327654344725,30.2176246404254,5.82431945600042,NA,17.7292722771127,-42.2226964460229,138.568848815713,6.98350194445278,-27.8696576966947,NA,55.6756765890249,68.7170564417902,38.1615229458101,62.7446374810943,43.9976492051703,70.03723392753,76.5847602966698,110.44745482254,46.3405465437295,138.292720981797,143.266678800991,100.554599005742,115.862960300461,82.3213049352511,94.6048746963361,113.047822928545,106.098142681846,83.0569179596306,74.8331856167424,66.4007541445306,112.715722840626,113.758458380748,44.6128938994343,155.699511760516,123.364538279669,111.867775844389,86.9911329481374,106.023798406307,71.2521066895672,84.9648426176254,126.937375696741,26.4713941904577,95.6178840380229,108.192670439671,77.940161661006,102.891969563566,121.462014101996,55.4663051432062,-77.5727039489359,-69.2609987338991,-105.16315842535,-79.8551353037999,-68.287916991933,-63.3491912216658,-89.4497247538223,-111.952610368623,-110.533880500076,-63.092859720122,-76.753931772481,-86.587506259269,-84.9727317219072,-26.9131746580948,-88.1082544173754,-68.1156980718694,-70.7511549672429,-102.97509284876,-94.6896035081122,-65.4460031585964,-80.6484523226679,-57.78163448381,-53.2537897750758,-60.9281917331222,-78.368190261525,-113.01954228674,NA,NA
"Estimate...83","both","15yr","LU_soil_ecor_meanclim",NA,"lm",0.262853938435706,0.0205671944656398,0.213252050842473,NA,NA,NA,NA,NA,92.0860998034482,-53.424976830863,30.4062113275797,-4.38103698239034,-2.99776432512406,-38.0623735701905,19.6630552842405,-32.1444266386607,-186.953815769456,-82.2577431156258,-28.3905264732547,-130.114501018005,44.6065004160643,18.3508169448985,-33.9882539154107,-78.8143401689975,-112.317606299318,-44.5953141895636,2.19194260408131,54.4474588723099,1.39229556398098,-0.144263488465659,30.3088323952279,3.94981261877507,NA,14.0850175285551,102.164548669976,106.112364346684,29.8072727564196,-0.957037602694161,NA,23.9983118792234,28.6468574476706,-6.24718999074439,18.0270352051551,2.61071818819722,66.5418878404227,48.3797099738161,84.1733452894061,36.6074755585489,130.999528168261,93.8380535881738,37.9109397740158,82.0703047863079,62.2417868716746,59.3132006600823,81.0936118129038,NA,73.5794399282137,45.1263589619047,14.9544822592027,70.8471004200152,68.5081635547947,3.94864010657569,124.559518118357,87.5027641969479,78.9089916020061,50.3663561482704,71.3613150214712,11.2933390271353,45.537511563447,91.8981887939535,-12.2199224750484,52.5441176061582,73.0586643731461,-19.6790482806242,60.6904561359152,91.0675103941275,NA,-57.1693780826453,-56.0417916625946,-68.5179636936215,-62.0280663377494,-55.9034298861422,-52.2412603021361,-65.3979920872018,-88.2264429777363,-86.0008291257531,-25.2615477834833,-59.4113114915714,NA,-56.8556324496376,-12.4017897302306,-69.0090597764688,-33.8629039460087,-76.4800845900644,-96.0454011283592,-56.1622271807704,-47.3158288034649,-62.6282996971259,-36.331564136211,-25.5262006821223,-43.43625186472,-56.7025738273351,-94.2879844257469,NA,NA
"Estimate...84","both","all","LU_soil_ecor_meanclim",NA,"lm",0.232842251984669,0.0245856090832628,0.259374507847115,NA,NA,NA,NA,NA,76.9163245376718,-29.4349362615794,23.5227459115993,-2.45436476542496,3.17282042565909,-36.3969376273089,-130.016482438578,-31.2327722800079,27.0552245419384,-58.8690381074401,-85.4572896281444,-73.1135925984374,-10.3147625870121,-669.521630497649,-12.6086855246227,-53.8623593441705,-109.381187697008,-25.6407758449797,0.612319285135743,47.5447249603455,21.9892307544605,6.95949259691095,-257.785403122131,-278.576079855475,-278.485542957129,-275.589631418466,-305.674211405112,-251.037341475603,-259.513287666052,-307.506056727757,NA,36.3865680500171,43.7033876164656,19.0468758966584,39.6266729187347,38.3720576284722,96.718229465006,35.6547439967877,66.0544185174039,31.8490331020885,134.478040619301,63.4470161632088,81.3056710196456,84.5806121965879,57.0811951802584,59.6329516917593,77.3388341350076,81.0618418950889,73.9615482409193,58.0256007555833,39.8874076644662,60.455582137102,64.1965410404272,33.8839879127398,106.536189049008,76.7733913601057,79.5972558306513,45.6374620178329,68.8293223288885,42.1676063734194,54.7694775001463,92.3432925446992,23.4897372123129,52.7074124631911,57.452962693974,13.2501964971786,109.597972121071,74.2000900290349,28.8200130679342,-34.845928913845,-41.518964352287,-51.0187083167304,-44.2881440683561,-44.2980708772335,-35.7894202798766,-47.69731863204,NA,-93.1730463539444,-22.423253889076,-38.4714767190637,-44.3447086696466,-40.1445179168532,-99.8032748554574,-49.6770801983076,-40.3401420579287,-38.7062635840163,-68.7238263375114,-37.5971041782249,-35.1819681999275,-44.162297423076,-22.07599062387,-25.259556286352,-30.1051455347029,-36.1781660415495,NA,NA,NA
"Estimate...85","both","5yr","age",NA,"lm",0.0247164890812162,0.00605688919381072,NA,32.1300427853058,NA,NA,NA,NA,NA,NA,NA,NA,NA,NA,NA,NA,NA,NA,NA,NA,NA,NA,NA,NA,NA,NA,NA,NA,NA,NA,NA,NA,NA,NA,NA,NA,NA,NA,NA,NA,NA,NA,NA,NA,NA,NA,NA,NA,NA,NA,NA,NA,NA,NA,NA,NA,NA,NA,NA,NA,NA,NA,NA,NA,NA,NA,NA,NA,NA,NA,NA,NA,NA,NA,NA,NA,NA,NA,NA,NA,NA,NA,NA,NA,NA,NA,NA,NA,NA,NA,NA,NA,NA,NA,NA,NA,NA,NA,NA,NA,NA,NA,NA,NA,NA
"Estimate...86","both","10yr","age",NA,"lm",0.0157455138805767,0.00342680146558542,NA,26.853932743539,NA,NA,NA,NA,NA,NA,NA,NA,NA,NA,NA,NA,NA,NA,NA,NA,NA,NA,NA,NA,NA,NA,NA,NA,NA,NA,NA,NA,NA,NA,NA,NA,NA,NA,NA,NA,NA,NA,NA,NA,NA,NA,NA,NA,NA,NA,NA,NA,NA,NA,NA,NA,NA,NA,NA,NA,NA,NA,NA,NA,NA,NA,NA,NA,NA,NA,NA,NA,NA,NA,NA,NA,NA,NA,NA,NA,NA,NA,NA,NA,NA,NA,NA,NA,NA,NA,NA,NA,NA,NA,NA,NA,NA,NA,NA,NA,NA,NA,NA,NA,NA
"Estimate...87","both","15yr","age",NA,"lm",0.0275650719440079,0.00998006979434735,NA,34.6403147449136,NA,NA,NA,NA,NA,NA,NA,NA,NA,NA,NA,NA,NA,NA,NA,NA,NA,NA,NA,NA,NA,NA,NA,NA,NA,NA,NA,NA,NA,NA,NA,NA,NA,NA,NA,NA,NA,NA,NA,NA,NA,NA,NA,NA,NA,NA,NA,NA,NA,NA,NA,NA,NA,NA,NA,NA,NA,NA,NA,NA,NA,NA,NA,NA,NA,NA,NA,NA,NA,NA,NA,NA,NA,NA,NA,NA,NA,NA,NA,NA,NA,NA,NA,NA,NA,NA,NA,NA,NA,NA,NA,NA,NA,NA,NA,NA,NA,NA,NA,NA,NA
"Estimate...88","both","all","age",NA,"lm",0.0354580751672298,0.00528743994183103,NA,42.4509745148098,NA,NA,NA,NA,NA,NA,NA,NA,NA,NA,NA,NA,NA,NA,NA,NA,NA,NA,NA,NA,NA,NA,NA,NA,NA,NA,NA,NA,NA,NA,NA,NA,NA,NA,NA,NA,NA,NA,NA,NA,NA,NA,NA,NA,NA,NA,NA,NA,NA,NA,NA,NA,NA,NA,NA,NA,NA,NA,NA,NA,NA,NA,NA,NA,NA,NA,NA,NA,NA,NA,NA,NA,NA,NA,NA,NA,NA,NA,NA,NA,NA,NA,NA,NA,NA,NA,NA,NA,NA,NA,NA,NA,NA,NA,NA,NA,NA,NA,NA,NA,NA
"Estimate...89","both","5yr","mat_biomass",NA,"lm",0.112880491492941,0.0191152680498841,0.422034552106582,NA,NA,NA,NA,NA,NA,NA,NA,NA,NA,NA,NA,NA,NA,NA,NA,NA,NA,NA,NA,NA,NA,NA,NA,NA,NA,NA,NA,NA,NA,NA,NA,NA,NA,NA,NA,NA,NA,NA,NA,NA,NA,NA,NA,NA,NA,NA,NA,NA,NA,NA,NA,NA,NA,NA,NA,NA,NA,NA,NA,NA,NA,NA,NA,NA,NA,NA,NA,NA,NA,NA,NA,NA,NA,NA,NA,NA,NA,NA,NA,NA,NA,NA,NA,NA,NA,NA,NA,NA,NA,NA,NA,NA,NA,NA,NA,NA,NA,NA,NA,NA,NA
"Estimate...90","both","10yr","mat_biomass",NA,"lm",0.107699244930367,0.010933076836563,0.417665295526605,NA,NA,NA,NA,NA,NA,NA,NA,NA,NA,NA,NA,NA,NA,NA,NA,NA,NA,NA,NA,NA,NA,NA,NA,NA,NA,NA,NA,NA,NA,NA,NA,NA,NA,NA,NA,NA,NA,NA,NA,NA,NA,NA,NA,NA,NA,NA,NA,NA,NA,NA,NA,NA,NA,NA,NA,NA,NA,NA,NA,NA,NA,NA,NA,NA,NA,NA,NA,NA,NA,NA,NA,NA,NA,NA,NA,NA,NA,NA,NA,NA,NA,NA,NA,NA,NA,NA,NA,NA,NA,NA,NA,NA,NA,NA,NA,NA,NA,NA,NA,NA,NA
"Estimate...91","both","15yr","mat_biomass",NA,"lm",0.105291313734348,0.00393134330607719,0.419083974674875,NA,NA,NA,NA,NA,NA,NA,NA,NA,NA,NA,NA,NA,NA,NA,NA,NA,NA,NA,NA,NA,NA,NA,NA,NA,NA,NA,NA,NA,NA,NA,NA,NA,NA,NA,NA,NA,NA,NA,NA,NA,NA,NA,NA,NA,NA,NA,NA,NA,NA,NA,NA,NA,NA,NA,NA,NA,NA,NA,NA,NA,NA,NA,NA,NA,NA,NA,NA,NA,NA,NA,NA,NA,NA,NA,NA,NA,NA,NA,NA,NA,NA,NA,NA,NA,NA,NA,NA,NA,NA,NA,NA,NA,NA,NA,NA,NA,NA,NA,NA,NA,NA
"Estimate...92","both","all","mat_biomass",NA,"lm",0.113677165450748,0.0141474196750651,0.424553353094629,NA,NA,NA,NA,NA,NA,NA,NA,NA,NA,NA,NA,NA,NA,NA,NA,NA,NA,NA,NA,NA,NA,NA,NA,NA,NA,NA,NA,NA,NA,NA,NA,NA,NA,NA,NA,NA,NA,NA,NA,NA,NA,NA,NA,NA,NA,NA,NA,NA,NA,NA,NA,NA,NA,NA,NA,NA,NA,NA,NA,NA,NA,NA,NA,NA,NA,NA,NA,NA,NA,NA,NA,NA,NA,NA,NA,NA,NA,NA,NA,NA,NA,NA,NA,NA,NA,NA,NA,NA,NA,NA,NA,NA,NA,NA,NA,NA,NA,NA,NA,NA,NA
"Estimate...93","both","5yr","age_mat_biomass",NA,"lm",0.138774352164886,0.0279732740878653,0.420893247280622,30.6546966078247,NA,NA,NA,NA,NA,NA,NA,NA,NA,NA,NA,NA,NA,NA,NA,NA,NA,NA,NA,NA,NA,NA,NA,NA,NA,NA,NA,NA,NA,NA,NA,NA,NA,NA,NA,NA,NA,NA,NA,NA,NA,NA,NA,NA,NA,NA,NA,NA,NA,NA,NA,NA,NA,NA,NA,NA,NA,NA,NA,NA,NA,NA,NA,NA,NA,NA,NA,NA,NA,NA,NA,NA,NA,NA,NA,NA,NA,NA,NA,NA,NA,NA,NA,NA,NA,NA,NA,NA,NA,NA,NA,NA,NA,NA,NA,NA,NA,NA,NA,NA,NA
"Estimate...94","both","10yr","age_mat_biomass",NA,"lm",0.128489287124257,0.00832563265839592,0.428850657839232,30.8042987883141,NA,NA,NA,NA,NA,NA,NA,NA,NA,NA,NA,NA,NA,NA,NA,NA,NA,NA,NA,NA,NA,NA,NA,NA,NA,NA,NA,NA,NA,NA,NA,NA,NA,NA,NA,NA,NA,NA,NA,NA,NA,NA,NA,NA,NA,NA,NA,NA,NA,NA,NA,NA,NA,NA,NA,NA,NA,NA,NA,NA,NA,NA,NA,NA,NA,NA,NA,NA,NA,NA,NA,NA,NA,NA,NA,NA,NA,NA,NA,NA,NA,NA,NA,NA,NA,NA,NA,NA,NA,NA,NA,NA,NA,NA,NA,NA,NA,NA,NA,NA,NA
"Estimate...95","both","15yr","age_mat_biomass",NA,"lm",0.135748391245415,0.0121709995052272,0.433570969043764,37.647724238598,NA,NA,NA,NA,NA,NA,NA,NA,NA,NA,NA,NA,NA,NA,NA,NA,NA,NA,NA,NA,NA,NA,NA,NA,NA,NA,NA,NA,NA,NA,NA,NA,NA,NA,NA,NA,NA,NA,NA,NA,NA,NA,NA,NA,NA,NA,NA,NA,NA,NA,NA,NA,NA,NA,NA,NA,NA,NA,NA,NA,NA,NA,NA,NA,NA,NA,NA,NA,NA,NA,NA,NA,NA,NA,NA,NA,NA,NA,NA,NA,NA,NA,NA,NA,NA,NA,NA,NA,NA,NA,NA,NA,NA,NA,NA,NA,NA,NA,NA,NA,NA
"Estimate...96","both","all","age_mat_biomass",NA,"lm",0.150020665657325,0.0070709490855598,0.439032585684886,42.0872402774094,NA,NA,NA,NA,NA,NA,NA,NA,NA,NA,NA,NA,NA,NA,NA,NA,NA,NA,NA,NA,NA,NA,NA,NA,NA,NA,NA,NA,NA,NA,NA,NA,NA,NA,NA,NA,NA,NA,NA,NA,NA,NA,NA,NA,NA,NA,NA,NA,NA,NA,NA,NA,NA,NA,NA,NA,NA,NA,NA,NA,NA,NA,NA,NA,NA,NA,NA,NA,NA,NA,NA,NA,NA,NA,NA,NA,NA,NA,NA,NA,NA,NA,NA,NA,NA,NA,NA,NA,NA,NA,NA,NA,NA,NA,NA,NA,NA,NA,NA,NA,NA
